lines_added,lines_deleted,nloc,code_churn,net_change,previous_changes,developer_count,is_bug_fix
30,0,16.0,30,30,0,1,0
228,0,172.0,228,228,0,7,0
356,0,185.0,356,356,0,10,0
19,0,17.0,19,19,0,36,0
236,0,19.0,236,236,0,15,0
1,1,172.0,2,0,1,7,0
119,8,185.0,127,111,1,10,0
6,1,23.0,7,5,1,15,0
2,2,172.0,4,0,2,7,0
38,23,186.0,61,15,2,10,0
3,3,172.0,6,0,3,7,0
16,1,187.0,17,15,3,10,0
1,1,172.0,2,0,4,7,0
31,5,188.0,36,26,4,10,0
4,4,188.0,8,0,5,10,1
10,6,30.0,16,4,2,15,1
96,0,76.0,96,96,0,1,1
5,15,68.0,20,-10,1,1,0
72,1,188.0,73,71,6,10,0
4,3,15.0,7,1,1,36,1
1,1,15.0,2,0,2,36,1
30,8,173.0,38,22,5,7,0
1,1,173.0,2,0,6,7,0
145,0,97.0,145,145,0,3,0
2,3,187.0,5,-1,7,10,0
0,1,96.0,1,-1,1,3,0
24,12,187.0,36,12,8,10,0
9,9,173.0,18,0,7,7,1
28,4,197.0,32,24,9,10,1
74,0,53.0,74,74,0,10,0
8,0,60.0,8,8,1,10,0
2,3,17.0,5,-1,3,36,0
179,0,148.0,179,179,2,10,0
5,5,197.0,10,0,10,10,0
9,0,156.0,9,9,3,10,0
24,3,211.0,27,21,11,10,0
103,0,64.0,103,103,0,7,0
64,0,39.0,64,64,0,4,0
0,2,62.0,2,-2,1,7,0
1,0,212.0,1,1,12,10,0
2,5,61.0,7,-3,2,7,0
5,3,40.0,8,2,1,4,0
9,2,216.0,11,7,13,10,1
11,7,215.0,18,4,14,10,1
2,2,156.0,4,0,4,10,1
13,12,215.0,25,1,15,10,1
2,2,61.0,4,0,3,7,1
2,2,173.0,4,0,8,7,1
2,1,31.0,3,1,3,15,0
50,0,28.0,50,50,4,36,0
1,1,28.0,2,0,5,36,0
20,3,224.0,23,17,16,10,1
14,0,169.0,14,14,5,10,1
0,1,223.0,1,-1,17,10,0
0,1,222.0,1,-1,18,10,0
30,1,225.0,31,29,19,10,0
6,0,174.0,6,6,6,10,0
0,1,39.0,1,-1,2,4,0
2,3,224.0,5,-1,20,10,0
1,3,171.0,4,-2,9,7,1
2,1,32.0,3,1,4,15,0
30,2,198.0,32,28,7,10,0
56,2,244.0,58,54,21,10,0
29,0,12.0,29,29,0,5,0
9,3,248.0,12,6,22,10,1
24,0,224.0,24,24,8,10,1
6,1,246.0,7,5,23,10,1
6,0,203.0,6,6,9,10,1
3,2,247.0,5,1,24,10,0
19,4,247.0,23,15,25,10,0
16,1,238.0,17,15,10,10,0
1,1,247.0,2,0,26,10,0
22,1,255.0,23,21,11,10,0
24,11,253.0,35,13,27,10,0
1,1,253.0,2,0,28,10,1
11,1,259.0,12,10,29,10,1
2,0,257.0,2,2,12,10,1
4,2,29.0,6,2,6,36,1
4,5,258.0,9,-1,30,10,1
3,2,172.0,5,1,10,7,1
9,10,257.0,19,-1,31,10,0
5,9,256.0,14,-4,32,10,0
7,2,42.0,9,5,3,4,0
7,2,99.0,9,5,2,3,0
1,1,256.0,2,0,33,10,0
1,0,256.0,1,1,34,10,1
1,0,256.0,1,1,35,10,1
3,7,252.0,10,-4,36,10,0
3,7,252.0,10,-4,37,10,0
2,2,252.0,4,0,38,10,0
12,0,267.0,12,12,13,10,0
2,2,252.0,4,0,39,10,0
12,0,267.0,12,12,14,10,0
42,0,281.0,42,42,40,10,0
14,0,280.0,14,14,15,10,0
6,1,257.0,7,5,41,10,0
24,16,293.0,40,8,42,10,0
41,14,316.0,55,27,43,10,0
25,0,289.0,25,25,16,10,0
7,5,318.0,12,2,44,10,0
37,1,322.0,38,36,17,10,0
1,2,317.0,3,-1,45,10,0
94,71,332.0,165,23,46,10,0
2,2,322.0,4,0,18,10,0
78,6,340.0,84,72,47,10,0
16,0,345.0,16,16,48,10,0
22,0,266.0,22,22,49,10,0
26,0,304.0,26,26,19,10,0
3,7,263.0,10,-4,50,10,0
1,10,296.0,11,-9,20,10,0
23,0,316.0,23,23,21,10,0
11,19,40.0,30,-8,5,15,0
27,4,276.0,31,23,51,10,0
27,0,341.0,27,27,22,10,0
4,0,276.0,4,4,52,10,1
4,1,278.0,5,3,53,10,0
2,0,343.0,2,2,23,10,0
1,4,275.0,5,-3,54,10,1
0,1,274.0,1,-1,55,10,0
3,3,343.0,6,0,24,10,0
4,2,274.0,6,2,56,10,1
8,7,344.0,15,1,25,10,1
165,0,108.0,165,165,0,1,0
108,0,60.0,108,108,0,1,0
1,1,361.0,2,0,57,10,1
9,0,407.0,9,9,26,10,1
23,0,429.0,23,23,27,10,1
18,2,369.0,20,16,58,10,1
2,5,39.0,7,-3,6,15,0
74,1,310.0,75,73,59,10,0
84,1,416.0,85,83,28,10,0
2,0,40.0,2,2,7,15,0
7,0,310.0,7,7,60,10,0
1,1,29.0,2,0,7,36,0
1,1,29.0,2,0,8,36,0
1,1,405.0,2,0,61,10,1
1,1,405.0,2,0,62,10,1
2,2,405.0,4,0,63,10,1
29,4,407.0,33,25,64,10,1
29,0,526.0,29,29,29,10,1
1,1,407.0,2,0,65,10,1
65,9,436.0,74,56,66,10,0
63,1,576.0,64,62,30,10,0
22,0,597.0,22,22,31,10,0
2,0,42.0,2,2,8,15,0
15,9,437.0,24,6,67,10,0
2,2,42.0,4,0,9,15,1
39,11,456.0,50,28,68,10,0
39,11,463.0,50,28,69,10,0
2,1,598.0,3,1,32,10,1
95,10,475.0,105,85,70,10,0
24,0,614.0,24,24,33,10,0
24,0,629.0,24,24,34,10,0
95,10,482.0,105,85,71,10,0
1,0,43.0,1,1,10,15,0
7,0,439.0,7,7,72,10,0
35,2,444.0,37,33,73,10,1
17,0,613.0,17,17,35,10,1
2,2,444.0,4,0,74,10,1
2,2,45.0,4,0,11,15,1
1,0,173.0,1,1,11,7,1
2,0,444.0,2,2,75,10,0
3,1,48.0,4,2,12,15,1
0,1,172.0,1,-1,12,7,1
26,26,480.0,52,0,76,10,0
14,5,637.0,19,9,36,10,0
59,8,491.0,67,51,77,10,0
5,5,61.0,10,0,4,7,0
10,6,46.0,16,4,4,4,0
4,5,172.0,9,-1,13,7,0
2,2,99.0,4,0,3,3,0
7,7,491.0,14,0,78,10,0
1,1,29.0,2,0,9,36,0
1,1,29.0,2,0,10,36,0
20,0,655.0,20,20,37,10,1
2,1,492.0,3,1,79,10,1
0,5,490.0,5,-5,80,10,0
9,0,495.0,9,9,81,10,1
25,1,678.0,26,24,38,10,1
2,0,495.0,2,2,82,10,0
9,1,35.0,10,8,11,36,1
13,0,501.0,13,13,83,10,1
32,0,708.0,32,32,39,10,1
36,3,522.0,39,33,84,10,1
31,0,734.0,31,31,40,10,1
37,20,531.0,57,17,85,10,1
12,4,741.0,16,8,41,10,1
11,3,56.0,14,8,13,15,0
1,1,531.0,2,0,86,10,0
1,1,531.0,2,0,87,10,1
1,1,531.0,2,0,88,10,1
1,1,531.0,2,0,89,10,0
21,21,531.0,42,0,90,10,1
1,1,531.0,2,0,91,10,0
10,0,533.0,10,10,92,10,1
3,1,533.0,4,2,93,10,0
4,4,533.0,8,0,94,10,0
8,4,537.0,12,4,95,10,1
4,1,743.0,5,3,42,10,1
1,1,35.0,2,0,12,36,0
3,0,538.0,3,3,96,10,0
4,2,540.0,6,2,97,10,0
21,0,759.0,21,21,43,10,0
15,1,542.0,16,14,98,10,1
11,0,768.0,11,11,44,10,0
28,0,542.0,28,28,99,10,1
1,1,542.0,2,0,100,10,0
10,0,542.0,10,10,101,10,1
58,0,29.0,58,58,0,35,0
778,0,251.0,778,778,0,136,0
135,0,39.0,135,135,14,15,0
57,0,34.0,57,57,0,29,0
310,0,98.0,310,310,0,89,0
151,0,58.0,151,151,0,8,0
28,0,15.0,28,28,0,3,0
57,0,18.0,57,57,0,34,0
7,0,22.0,7,7,1,34,0
1,0,59.0,1,1,1,8,0
22,4,112.0,26,18,1,89,0
3,0,16.0,3,3,1,3,0
5,0,38.0,5,5,1,29,0
6,41,8.0,47,-35,1,35,0
22,2,267.0,24,20,1,136,0
8,0,6.0,8,8,0,9,0
4,0,42.0,4,4,15,15,0
3,3,769.0,6,0,45,10,0
34,8,550.0,42,26,102,10,0
8,0,775.0,8,8,46,10,0
34,8,275.0,42,26,2,136,0
2,3,775.0,5,-1,47,10,0
1,1,8.0,2,0,2,35,0
1,1,275.0,2,0,3,136,1
16,3,112.0,19,13,2,89,1
11,5,20.0,16,6,2,34,1
12,0,16.0,12,12,2,3,1
11,0,59.0,11,11,2,8,1
1,1,35.0,2,0,13,36,1
13,1,6.0,14,12,1,9,1
11,0,42.0,11,11,0,26,1
12,1,275.0,13,11,4,136,1
1,0,9.0,1,1,3,35,1
15,1,39.0,16,14,2,29,1
1,1,9.0,2,0,4,35,0
1,1,275.0,2,0,5,136,0
33,4,130.0,37,29,3,89,0
21,11,279.0,32,10,6,136,0
2,1,131.0,3,1,4,89,0
2,4,277.0,6,-2,7,136,0
1,17,121.0,18,-16,5,89,0
27,1,75.0,28,26,3,8,0
9,18,270.0,27,-9,8,136,0
24,0,133.0,24,24,6,89,0
13,1,139.0,14,12,7,89,0
7,9,74.0,16,-2,4,8,0
52,20,294.0,72,32,9,136,0
0,25,133.0,25,-25,8,89,0
74,0,34.0,74,74,0,21,0
2,2,9.0,4,0,5,35,0
3,35,271.0,38,-32,10,136,0
3,3,272.0,6,0,11,136,0
0,11,32.0,11,-11,3,29,0
12,0,41.0,12,12,1,21,0
2,2,74.0,4,0,5,8,0
15,0,787.0,15,15,48,10,0
7,0,6.0,7,7,6,35,0
9,0,5.0,9,9,7,35,0
2,0,273.0,2,2,12,136,0
2,0,43.0,2,2,1,26,0
2,2,273.0,4,0,13,136,0
2,2,133.0,4,0,9,89,0
6,2,11.0,8,4,8,35,1
1,1,20.0,2,0,3,34,0
1,1,41.0,2,0,2,21,0
2,2,133.0,4,0,10,89,0
8,8,273.0,16,0,14,136,0
7,7,11.0,14,0,9,35,0
2,2,32.0,4,0,4,29,0
5,1,134.0,6,4,11,89,1
1,1,74.0,2,0,6,8,1
1,2,19.0,3,-1,4,34,1
9,0,273.0,9,9,15,136,0
15,0,74.0,15,15,7,8,0
2,1,135.0,3,1,12,89,1
20,0,804.0,20,20,49,10,1
2,6,134.0,8,-4,13,89,0
1,1,74.0,2,0,8,8,0
2,1,12.0,3,1,10,35,0
1,1,273.0,2,0,16,136,0
29,7,137.0,36,22,14,89,0
2,0,806.0,2,2,50,10,0
9,0,137.0,9,9,15,89,0
3,22,254.0,25,-19,17,136,0
1,0,32.0,1,1,5,29,0
1,1,74.0,2,0,9,8,0
39,0,22.0,39,39,0,25,0
5,0,22.0,5,5,1,25,0
3,16,241.0,19,-13,18,136,0
42,0,17.0,42,42,0,10,0
1,0,22.0,1,1,2,25,0
14,0,819.0,14,14,51,10,1
5,2,244.0,7,3,19,136,1
3,1,74.0,4,2,10,8,0
1,1,35.0,2,0,14,36,0
1,1,35.0,2,0,15,36,1
12,10,43.0,22,2,3,21,1
12,0,829.0,12,12,52,10,1
1,1,43.0,2,0,4,21,0
1,1,16.0,2,0,3,3,0
2,3,243.0,5,-1,20,136,0
1,1,17.0,2,0,1,10,0
1,1,74.0,2,0,11,8,0
6,1,140.0,7,5,16,89,0
6,2,243.0,8,4,21,136,1
24,0,852.0,24,24,53,10,1
31,6,254.0,37,25,22,136,0
3,2,33.0,5,1,6,29,0
1,0,141.0,1,1,17,89,0
16,5,23.0,21,11,5,34,0
13,4,860.0,17,9,54,10,0
2,2,23.0,4,0,6,34,0
1,3,139.0,4,-2,18,89,1
8,5,253.0,13,3,23,136,1
24,0,882.0,24,24,55,10,0
1,0,44.0,1,1,5,21,0
10,1,255.0,11,9,24,136,0
11,0,143.0,11,11,19,89,0
1,1,882.0,2,0,56,10,0
2,1,256.0,3,1,25,136,0
8,0,29.0,8,8,7,34,0
12,3,78.0,15,9,12,8,1
12,0,893.0,12,12,57,10,1
2,4,254.0,6,-2,26,136,1
9,0,147.0,9,9,20,89,1
6,9,41.0,15,-3,6,21,1
1,1,12.0,2,0,11,35,0
42,0,153.0,42,42,21,89,0
18,0,908.0,18,18,58,10,0
1,1,153.0,2,0,22,89,1
12,2,48.0,14,10,7,21,0
79,0,968.0,79,79,59,10,0
50,0,26.0,50,50,0,13,0
4,0,14.0,4,4,12,35,0
2,1,57.0,3,1,16,15,0
4,0,258.0,4,4,27,136,0
41,41,258.0,82,0,28,136,0
10,0,261.0,10,10,29,136,1
1,2,32.0,3,-1,7,29,1
5,0,261.0,5,5,30,136,1
0,1,25.0,1,-1,1,13,0
1,1,261.0,2,0,31,136,0
14,0,68.0,14,14,17,15,0
1,0,69.0,1,1,18,15,1
1,1,69.0,2,0,19,15,1
1,0,15.0,1,1,13,35,0
1,0,25.0,1,1,2,13,0
15,0,980.0,15,15,60,10,0
1,0,69.0,1,1,20,15,1
8,2,986.0,10,6,61,10,0
1,0,262.0,1,1,32,136,0
10,2,81.0,12,8,13,8,0
21,0,1002.0,21,21,62,10,0
1,2,69.0,3,-1,21,15,0
97,0,65.0,97,97,0,5,0
1,1,48.0,2,0,8,21,0
212,32,156.0,244,180,1,5,0
1,2,261.0,3,-1,33,136,0
0,1,152.0,1,-1,23,89,0
11,2,159.0,13,9,2,5,0
23,5,169.0,28,18,3,5,0
4,0,170.0,4,4,4,5,0
5,2,169.0,7,3,5,5,1
3,1,171.0,4,2,6,5,0
3,5,169.0,8,-2,7,5,0
1,1,35.0,2,0,16,36,0
19,4,271.0,23,15,34,136,1
11,0,1012.0,11,11,63,10,1
8,2,271.0,10,6,35,136,0
1,1,152.0,2,0,24,89,0
5,1,47.0,6,4,2,26,1
12,0,1023.0,12,12,64,10,1
39,2,62.0,41,37,17,36,0
2,2,271.0,4,0,36,136,1
1,1,152.0,2,0,25,89,1
2,2,81.0,4,0,14,8,1
3,3,29.0,6,0,8,34,1
11,12,1022.0,23,-1,65,10,1
0,1,168.0,1,-1,8,5,1
5,1,1025.0,6,4,66,10,1
11,4,12.0,15,7,2,9,1
26,1,165.0,27,25,26,89,1
69,31,1053.0,100,38,67,10,1
4,0,52.0,4,4,9,21,0
2,0,1055.0,2,2,68,10,0
5,0,8.0,5,5,14,35,0
10,1,1061.0,11,9,69,10,0
2,1,82.0,3,1,15,8,1
9,0,1069.0,9,9,70,10,1
4,0,2.0,4,4,15,35,1
1,1,271.0,2,0,37,136,1
16,0,272.0,16,16,38,136,0
2,1,48.0,3,1,3,26,0
1,0,169.0,1,1,9,5,0
9,0,281.0,9,9,39,136,1
17,0,1083.0,17,17,71,10,1
103,2,1170.0,105,101,72,10,0
24,2,40.0,26,22,3,25,0
5,3,282.0,8,2,40,136,0
1,1,282.0,2,0,41,136,0
1,1,46.0,2,0,5,4,0
3,1,165.0,4,2,27,89,0
14,1,289.0,15,13,42,136,0
28,1,1192.0,29,27,73,10,0
1,1,61.0,2,0,5,7,0
1,1,172.0,2,0,14,7,0
12,0,1201.0,12,12,74,10,0
15,3,292.0,18,12,43,136,1
1,1,292.0,2,0,44,136,0
11,1,170.0,12,10,28,89,0
15,0,1214.0,15,15,75,10,1
1,1,82.0,2,0,16,8,1
1,1,170.0,2,0,29,89,1
1,1,69.0,2,0,22,15,0
1,1,170.0,2,0,30,89,1
18,0,1230.0,18,18,76,10,0
2,1,293.0,3,1,45,136,0
17,0,299.0,17,17,46,136,0
8,0,88.0,8,8,17,8,0
45,0,1265.0,45,45,77,10,0
2,6,170.0,8,-4,31,89,1
1,1,299.0,2,0,47,136,1
9,1,301.0,10,8,48,136,0
13,0,1277.0,13,13,78,10,0
8,3,33.0,11,5,8,29,0
8,3,51.0,11,5,4,26,0
1,0,52.0,1,1,5,26,0
2,1,1278.0,3,1,79,10,0
73,1,1339.0,74,72,80,10,1
39,0,318.0,39,39,49,136,1
3,0,52.0,3,3,6,26,0
0,1,51.0,1,-1,7,26,0
1,0,16.0,1,1,16,35,0
32,0,35.0,32,32,9,29,0
12,0,1350.0,12,12,81,10,0
2,2,51.0,4,0,8,26,0
2,2,51.0,4,0,9,26,0
4,0,1278.0,4,4,82,10,0
3,1,318.0,4,2,50,136,0
34,16,330.0,50,18,51,136,0
31,0,188.0,31,31,32,89,0
20,0,1366.0,20,20,83,10,0
2,2,188.0,4,0,33,89,0
17,0,342.0,17,17,52,136,0
30,4,1387.0,34,26,84,10,0
1,0,1388.0,1,1,85,10,0
9,1,35.0,10,8,9,34,0
27,5,350.0,32,22,53,136,0
56,16,75.0,72,40,10,21,0
4,1,318.0,5,3,54,136,0
1,1,16.0,2,0,17,35,0
27,7,172.0,34,20,34,89,0
1,1,170.0,2,0,35,89,1
1,1,172.0,2,0,36,89,0
1,0,1351.0,1,1,86,10,0
4,5,172.0,9,-1,37,89,0
3,2,351.0,5,1,55,136,1
2,1,172.0,3,1,38,89,1
0,9,318.0,9,-9,56,136,0
2,1,173.0,3,1,39,89,1
7,1,34.0,8,6,10,34,0
2,2,51.0,4,0,10,26,0
12,0,1361.0,12,12,87,10,0
2,1,18.0,3,1,2,10,1
16,0,1375.0,16,16,88,10,0
1,1,16.0,2,0,18,35,1
88,42,325.0,130,46,57,136,1
31,4,36.0,35,27,10,29,1
1,0,26.0,1,1,3,13,1
4,1,1378.0,5,3,89,10,1
13,33,1360.0,46,-20,90,10,0
2,0,325.0,2,2,58,136,0
2,3,60.0,5,-1,6,7,0
2,3,171.0,5,-1,15,7,0
12,1,329.0,13,11,59,136,0
1,0,1398.0,1,1,91,10,0
16,7,43.0,23,9,11,34,0
4,1,78.0,5,3,11,21,0
41,21,219.0,62,20,40,89,0
11,0,42.0,11,11,11,29,0
172,0,91.0,172,172,0,43,0
42,41,372.0,83,1,60,136,0
17,204,16.0,221,-187,18,8,0
3,1,374.0,4,2,61,136,0
23,16,97.0,39,7,1,43,0
49,1,387.0,50,48,62,136,0
32,0,113.0,32,32,2,43,0
14,0,394.0,14,14,63,136,0
1,0,220.0,1,1,41,89,0
1,0,17.0,1,1,19,35,1
1,1,394.0,2,0,64,136,1
4,1,176.0,5,3,42,89,0
23,1,120.0,24,22,3,43,1
60,0,1443.0,60,60,92,10,1
94,11,434.0,105,83,65,136,1
9,0,436.0,9,9,66,136,1
7,4,223.0,11,3,43,89,0
171,0,123.0,171,171,0,6,0
65,1,176.0,66,64,1,6,0
2,3,175.0,5,-1,2,6,0
100,17,248.0,117,83,3,6,0
30,0,19.0,30,30,0,2,0
5,0,248.0,5,5,4,6,0
2,1,249.0,3,1,5,6,0
1,1,249.0,2,0,6,6,0
9,11,247.0,20,-2,7,6,0
4,1,248.0,5,3,8,6,0
1,1,248.0,2,0,9,6,0
7,3,252.0,10,4,10,6,1
5,0,22.0,5,5,1,2,1
1,0,23.0,1,1,2,2,0
4,1,255.0,5,3,11,6,0
36,17,128.0,53,19,4,43,0
14,13,23.0,27,1,3,2,0
20,20,128.0,40,0,5,43,0
4,3,437.0,7,1,67,136,0
3,3,128.0,6,0,6,43,0
6,5,222.0,11,1,44,89,0
1,2,15.0,3,-1,19,8,0
35,40,77.0,75,-5,12,21,0
1,1,1443.0,2,0,93,10,0
6,1,437.0,7,5,68,136,0
15,3,135.0,18,12,7,43,0
21,0,1459.0,21,21,94,10,0
8,0,5.0,8,8,20,35,0
33,3,1484.0,36,30,95,10,0
7,0,6.0,7,7,21,35,0
13,0,8.0,13,13,22,35,0
6,69,200.0,75,-63,12,6,0
31,4,135.0,35,27,8,43,0
1,0,47.0,1,1,6,4,0
7,1,319.0,8,6,69,136,0
12,6,44.0,18,6,12,29,0
138,0,88.0,138,138,0,9,0
2,0,18.0,2,2,23,35,0
12,0,98.0,12,12,1,9,0
1,1,18.0,2,0,24,35,0
1,1,62.0,2,0,18,36,0
48,17,228.0,65,31,13,6,0
10,1,30.0,11,9,4,2,0
1,1,43.0,2,0,12,34,1
25,0,1503.0,25,25,96,10,1
7,1,225.0,8,6,45,89,0
14,0,1516.0,14,14,97,10,1
2,1,438.0,3,1,70,136,1
20,0,143.0,20,20,9,43,0
8,3,441.0,11,5,71,136,0
102,0,34.0,102,102,0,27,0
37,0,1544.0,37,37,98,10,0
15,5,35.0,20,10,1,27,0
41,0,1574.0,41,41,99,10,0
1,1,18.0,2,0,25,35,0
1,1,62.0,2,0,19,36,0
1,1,18.0,2,0,26,35,0
1,1,62.0,2,0,20,36,0
1,1,98.0,2,0,2,9,1
2,0,226.0,2,2,46,89,0
1,1,18.0,2,0,27,35,0
1,1,62.0,2,0,21,36,0
6,0,442.0,6,6,72,136,1
15,0,1585.0,15,15,100,10,1
1,1,98.0,2,0,3,9,1
2,2,98.0,4,0,4,9,1
0,2,75.0,2,-2,13,21,0
2,2,143.0,4,0,10,43,1
58,0,1627.0,58,58,101,10,1
1,1,62.0,2,0,22,36,0
1,1,18.0,2,0,28,35,0
0,1,17.0,1,-1,29,35,0
22,16,436.0,38,6,73,136,0
1,1,44.0,2,0,13,29,0
7,31,5.0,38,-24,4,3,0
168,0,53.0,168,168,0,30,0
7,0,53.0,7,7,1,30,0
3,1,53.0,4,2,2,30,0
3,0,18.0,3,3,30,35,0
1,1,53.0,2,0,3,30,0
11,0,156.0,11,11,11,43,0
7,6,54.0,13,1,4,30,0
6,7,53.0,13,-1,5,30,0
1,1,436.0,2,0,74,136,0
1,1,436.0,2,0,75,136,1
0,1,43.0,1,-1,14,29,0
1,1,436.0,2,0,76,136,1
13,4,440.0,17,9,77,136,0
17,0,1642.0,17,17,102,10,0
4,0,440.0,4,4,78,136,0
2,2,43.0,4,0,13,34,0
1,1,40.0,2,0,4,25,0
7,1,230.0,8,6,47,89,0
1,1,51.0,2,0,11,26,0
3,3,440.0,6,0,79,136,0
2,1,19.0,3,1,31,35,0
1,1,12.0,2,0,3,9,0
3,1,77.0,4,2,14,21,1
2,2,6.0,4,0,32,35,1
3,1,10.0,4,2,33,35,1
1,1,5.0,2,0,34,35,1
6,0,1647.0,6,6,103,10,1
1,1,440.0,2,0,80,136,1
1,1,230.0,2,0,48,89,1
4,3,440.0,7,1,81,136,1
4,3,537.0,7,1,82,136,1
4,0,43.0,4,4,14,34,0
12,0,1658.0,12,12,104,10,1
29,7,448.0,36,22,83,136,1
35,1,1688.0,36,34,105,10,1
2,0,448.0,2,2,84,136,0
2,5,41.0,7,-3,15,34,0
52,0,29.0,52,52,0,10,1
11,0,48.0,11,11,16,34,1
5,5,29.0,10,0,1,10,0
2,2,29.0,4,0,2,10,0
1,1,48.0,2,0,17,34,1
1,1,29.0,2,0,3,10,1
20,0,1703.0,20,20,106,10,1
1,1,29.0,2,0,4,10,0
2,2,48.0,4,0,18,34,0
35,0,475.0,35,35,85,136,1
22,0,1723.0,22,22,107,10,1
50,2,495.0,52,48,86,136,0
7,0,146.0,7,7,12,43,0
15,0,1737.0,15,15,108,10,0
16,0,10.0,16,16,0,1,0
2,2,495.0,4,0,87,136,0
3,1,71.0,4,2,23,15,0
3,2,98.0,5,1,5,9,1
1,1,1737.0,2,0,109,10,1
4,4,495.0,8,0,88,136,1
9,0,1745.0,9,9,110,10,1
16,3,54.0,19,13,19,34,1
18,2,502.0,20,16,89,136,1
26,0,45.0,26,26,5,10,1
24,0,1766.0,24,24,111,10,1
3,1,54.0,4,2,20,34,1
71,8,525.0,79,63,90,136,0
18,0,1780.0,18,18,112,10,0
11,0,527.0,11,11,91,136,0
4,2,232.0,6,2,49,89,0
35,6,543.0,41,29,92,136,0
2,2,232.0,4,0,50,89,0
56,1,1830.0,57,55,113,10,0
3,3,1830.0,6,0,114,10,1
2,0,545.0,2,2,93,136,1
2,0,545.0,2,2,94,136,0
5,1,547.0,6,4,95,136,0
17,0,1846.0,17,17,115,10,0
37,0,258.0,37,37,51,89,0
5,29,531.0,34,-24,96,136,0
4,4,1846.0,8,0,116,10,0
7,3,258.0,10,4,52,89,0
10,4,261.0,14,6,53,89,0
9,7,1848.0,16,2,117,10,0
1,1,531.0,2,0,97,136,0
2,1,532.0,3,1,98,136,0
2,1,147.0,3,1,13,43,0
60,0,1893.0,60,60,118,10,0
3,0,532.0,3,3,99,136,0
1,0,532.0,1,1,100,136,0
10,2,56.0,12,8,6,30,0
22,0,1868.0,22,22,119,10,0
54,4,64.0,58,50,5,25,0
2,0,532.0,2,2,101,136,0
45,0,1904.0,45,45,120,10,0
19,15,1906.0,34,4,121,10,0
25,17,1910.0,42,8,122,10,1
2,0,66.0,2,2,6,25,0
2,0,149.0,2,2,14,43,0
51,0,1935.0,51,51,123,10,0
7,14,526.0,21,-7,102,136,0
12,14,63.0,26,-2,7,25,0
15,0,1923.0,15,15,124,10,0
13,0,1934.0,13,13,125,10,0
30,30,1934.0,60,0,126,10,0
2,1,61.0,3,1,7,7,0
2,1,172.0,3,1,16,7,0
7,0,261.0,7,7,54,89,0
35,0,41.0,35,35,2,27,0
21,0,1951.0,21,21,127,10,0
121,0,82.0,121,121,35,35,1
117,0,81.0,117,117,3,27,1
121,0,91.0,121,121,8,25,1
4,0,4.0,4,4,36,35,1
4,0,4.0,4,4,0,1,1
141,0,116.0,141,141,15,21,1
1,7,57.0,8,-6,23,36,1
295,0,239.0,295,295,55,89,1
38,0,24.0,38,38,0,2,1
38,0,21.0,38,38,0,4,1
177,0,143.0,177,177,12,26,1
423,0,340.0,423,423,15,43,1
992,0,850.0,992,992,0,13,1
103,0,72.0,103,103,4,13,1
57,0,44.0,57,57,0,1,0
4,4,91.0,8,0,9,25,0
13,13,116.0,26,0,16,21,0
9,9,72.0,18,0,5,13,0
2,2,143.0,4,0,13,26,0
2,2,21.0,4,0,1,4,0
37,37,340.0,74,0,16,43,0
106,106,850.0,212,0,1,13,0
39,39,239.0,78,0,56,89,0
2,2,91.0,4,0,10,25,0
1,1,72.0,2,0,6,13,0
6,6,116.0,12,0,17,21,0
1,1,21.0,2,0,2,4,0
10,10,143.0,20,0,14,26,0
9,9,340.0,18,0,17,43,0
40,40,850.0,80,0,2,13,0
17,17,239.0,34,0,57,89,0
4,1,60.0,5,3,24,36,0
2,2,143.0,4,0,15,26,1
1,1,239.0,2,0,58,89,1
14,14,44.0,28,0,1,1,0
2,1,45.0,3,1,2,1,0
1,56,3.0,57,-55,3,1,0
52,0,122.0,52,52,37,35,0
27,24,117.0,51,3,38,35,0
1,2,116.0,3,-1,39,35,0
4,1,6.0,5,3,4,1,0
6,5,64.0,11,1,11,25,0
12,0,102.0,12,12,12,25,0
9,4,65.0,13,5,13,25,0
32,0,128.0,32,32,14,25,0
12,11,530.0,23,1,103,136,0
1,1,26.0,2,0,7,13,0
11,0,859.0,11,11,3,13,0
2,6,2.0,8,-4,5,1,0
25,6,123.0,31,19,40,35,0
1,0,2.0,1,1,6,1,0
14,4,532.0,18,10,104,136,1
1,1,43.0,2,0,15,29,0
3,0,261.0,3,3,59,89,0
2,1,46.0,3,1,6,10,0
2,2,532.0,4,0,105,136,0
1,1,65.0,2,0,15,25,1
3,0,131.0,3,3,16,25,1
22,0,880.0,22,22,4,13,0
24,4,66.0,28,20,7,30,0
5,1,536.0,6,4,106,136,0
1,3,58.0,4,-2,25,36,1
1,1,54.0,2,0,21,34,0
1,1,65.0,2,0,17,25,0
1,1,77.0,2,0,18,21,0
1,1,26.0,2,0,8,13,0
1,1,66.0,2,0,8,30,0
1,1,5.0,2,0,5,3,0
1,1,536.0,2,0,107,136,0
1,1,18.0,2,0,3,10,0
1,1,261.0,2,0,60,89,0
1,1,12.0,2,0,4,9,0
1,1,43.0,2,0,16,29,0
1,1,51.0,2,0,16,26,0
1,1,19.0,2,0,41,35,0
1,1,15.0,2,0,20,8,0
3,0,129.0,3,3,18,25,0
3,0,240.0,3,3,61,89,0
3,0,117.0,3,3,19,21,0
3,0,408.0,3,3,18,43,0
3,0,901.0,3,3,5,13,0
2,0,66.0,2,2,19,25,0
3,0,22.0,3,3,3,4,0
3,0,124.0,3,3,42,35,0
18,38,877.0,56,-20,6,13,0
46,0,26.0,46,46,0,4,0
1,1,537.0,2,0,108,136,0
1,1,537.0,2,0,109,136,0
1,1,41.0,2,0,4,27,1
2,2,149.0,4,0,19,43,1
35,0,110.0,35,35,5,27,0
5,1,43.0,6,4,6,27,0
54,0,24.0,54,54,43,35,0
1,0,1.0,1,1,0,1,1
24,16,31.0,40,8,44,35,1
1,0,1.0,1,1,45,35,1
61,0,39.0,61,61,0,4,1
2,0,2.0,2,2,0,1,1
2,0,2.0,2,2,1,1,0
28,5,57.0,33,23,1,4,0
1,0,1.0,1,1,46,35,0
1,0,1.0,1,1,0,1,0
7,10,57.0,17,-3,26,36,0
5,0,31.0,5,5,47,35,0
2,1,32.0,3,1,48,35,0
5,0,61.0,5,5,2,4,0
73,0,40.0,73,73,0,8,0
11,1,69.0,12,10,3,4,0
1,0,537.0,1,1,110,136,1
22,34,33.0,56,-12,1,8,0
18,2,41.0,20,16,49,35,1
17,1,42.0,18,16,2,8,1
14,0,41.0,14,14,50,35,0
3,7,43.0,10,-4,3,8,0
2,0,2.0,2,2,51,35,0
11,0,42.0,11,11,52,35,0
7,0,74.0,7,7,4,4,0
26,0,144.0,26,26,53,35,0
1,1,57.0,2,0,27,36,0
1,1,57.0,2,0,28,36,0
6,8,139.0,14,-2,54,35,0
6,1,75.0,7,5,5,4,0
2,0,4.0,2,2,7,1,0
1,1,139.0,2,0,55,35,0
1,1,537.0,2,0,111,136,0
32,3,59.0,35,29,17,29,1
1,0,12.0,1,1,5,9,1
12,19,59.0,31,-7,20,25,1
17,0,890.0,17,17,7,13,1
17,59,537.0,76,-42,112,136,1
26,9,546.0,35,17,113,136,1
6,2,55.0,8,4,17,26,0
5,0,147.0,5,5,18,26,0
16,26,542.0,42,-10,114,136,0
1,1,147.0,2,0,19,26,0
6,86,6.0,92,-80,56,35,0
119,0,56.0,119,119,0,8,0
14,2,85.0,16,12,6,4,0
71,20,64.0,91,51,4,8,0
2,2,57.0,4,0,29,36,0
1,1,19.0,2,0,57,35,0
1,1,57.0,2,0,30,36,0
1,1,19.0,2,0,58,35,0
1,1,57.0,2,0,31,36,0
1,1,19.0,2,0,59,35,0
1,1,57.0,2,0,32,36,0
1,1,5.0,2,0,6,3,1
0,1,43.0,1,-1,7,27,0
9,0,248.0,9,9,62,89,0
10,1,266.0,11,9,63,89,0
1,0,266.0,1,1,64,89,0
3,1,20.0,4,2,4,10,1
7,0,254.0,7,7,65,89,1
7,1,278.0,8,6,66,89,0
3,3,60.0,6,0,18,29,1
1,1,60.0,2,0,19,29,0
4,0,549.0,4,4,115,136,0
5,2,268.0,7,3,67,89,0
26,0,278.0,26,26,68,89,0
4,0,60.0,4,4,20,29,0
83,0,48.0,83,83,0,5,0
26,0,154.0,26,26,21,25,1
17,0,904.0,17,17,8,13,1
2,2,542.0,4,0,116,136,1
18,9,155.0,27,9,22,25,0
3,5,157.0,8,-2,23,25,0
1,1,43.0,2,0,8,27,1
16,15,269.0,31,1,69,89,1
2,0,1.0,2,2,0,2,0
11,0,286.0,11,11,70,89,0
24,16,273.0,40,8,71,89,0
4,0,2.0,4,4,0,1,0
65,52,158.0,117,13,20,26,0
3,0,2.0,3,3,60,35,0
3,0,2.0,3,3,0,1,0
9,1,285.0,10,8,72,89,0
8,1,276.0,9,7,73,89,0
11,1,545.0,12,10,117,136,0
19,6,158.0,25,13,20,43,0
109,0,508.0,109,109,21,43,0
40,0,153.0,40,40,20,21,0
44,5,935.0,49,39,9,13,0
27,15,939.0,42,12,10,13,0
29,2,278.0,31,27,74,89,0
1,24,278.0,25,-23,75,89,0
5,4,549.0,9,1,118,136,0
2,2,549.0,4,0,119,136,0
21,0,288.0,21,21,76,89,0
14,0,299.0,14,14,77,89,0
13,12,940.0,25,1,11,13,0
11,0,549.0,11,11,120,136,0
87,0,230.0,87,87,21,26,0
2,2,43.0,4,0,9,27,1
4,4,43.0,8,0,10,27,0
1,1,43.0,2,0,11,27,1
4,4,43.0,8,0,12,27,0
1,1,57.0,2,0,33,36,0
5,3,77.0,8,2,21,21,0
19,0,167.0,19,19,22,21,0
11,0,7.0,11,11,0,4,0
13,0,11.0,13,13,0,1,0
36,0,18.0,36,36,0,1,0
1,2,54.0,3,-1,22,26,1
18,0,247.0,18,18,23,26,1
2,2,247.0,4,0,24,26,1
3,1,280.0,4,2,78,89,1
12,0,296.0,12,12,79,89,0
52,4,64.0,56,48,22,34,0
15,1,557.0,16,14,121,136,1
29,0,964.0,29,29,12,13,1
25,1,304.0,26,24,80,89,0
9,2,282.0,11,7,81,89,0
3,0,60.0,3,3,34,36,0
10,9,288.0,19,1,82,89,1
2,2,288.0,4,0,83,89,0
49,0,12.0,49,49,0,2,0
1,38,54.0,39,-37,23,34,0
1,3,302.0,4,-2,84,89,0
16,2,282.0,18,14,85,89,0
9,4,307.0,13,5,86,89,0
14,0,520.0,14,14,22,43,0
7,0,562.0,7,7,122,136,0
9,5,282.0,14,4,87,89,0
1,1,43.0,2,0,13,27,0
1,1,60.0,2,0,35,36,1
1,1,60.0,2,0,36,36,0
7,0,294.0,7,7,88,89,0
0,1,54.0,1,-1,24,34,1
1,1,71.0,2,0,24,15,0
1,1,60.0,2,0,21,29,1
16,1,551.0,17,15,123,136,0
53,1,85.0,54,52,22,29,0
9,1,18.0,10,8,6,9,0
32,18,285.0,50,14,89,89,0
38,0,19.0,38,38,0,4,0
16,3,558.0,19,13,124,136,0
1,0,86.0,1,1,23,29,0
2,1,20.0,3,1,61,35,0
8,0,293.0,8,8,90,89,0
23,1,37.0,24,22,1,4,0
10,0,88.0,10,10,24,29,0
33,22,573.0,55,11,125,136,0
6,9,963.0,15,-3,13,13,0
3,1,311.0,4,2,91,89,1
62,6,583.0,68,56,126,136,0
14,4,94.0,18,10,25,29,0
1,0,27.0,1,1,9,13,0
12,0,46.0,12,12,2,4,0
1,1,94.0,2,0,26,29,0
1,1,20.0,2,0,62,35,1
1,1,94.0,2,0,27,29,1
1,1,158.0,2,0,23,43,1
3,3,64.0,6,0,5,8,0
10,0,55.0,10,10,3,4,0
2,1,94.0,3,1,28,29,0
6,1,589.0,7,5,127,136,0
1,1,583.0,2,0,128,136,0
5,5,311.0,10,0,92,89,0
5,2,335.0,7,3,93,89,0
1,1,583.0,2,0,129,136,0
20,0,588.0,20,20,130,136,1
14,0,320.0,14,14,94,89,1
12,0,973.0,12,12,14,13,1
5,1,592.0,6,4,131,136,1
15,0,982.0,15,15,15,13,1
1,0,592.0,1,1,132,136,1
34,0,320.0,34,34,95,89,1
6,3,50.0,9,3,1,5,0
1,1,60.0,2,0,37,36,0
23,0,539.0,23,23,24,43,0
32,19,321.0,51,13,96,89,0
0,6,588.0,6,-6,133,136,0
17,8,341.0,25,9,97,89,0
7,0,589.0,7,7,134,136,0
23,0,981.0,23,23,16,13,0
23,20,593.0,43,3,135,136,1
3,2,320.0,5,1,98,89,1
3,3,982.0,6,0,17,13,1
8,1,596.0,9,7,136,136,0
15,0,996.0,15,15,18,13,0
2,1,21.0,3,1,63,35,0
1,1,596.0,2,0,137,136,0
30,0,99.0,30,30,29,29,0
1,0,64.0,1,1,6,8,0
7,3,322.0,10,4,99,89,1
1,1,322.0,2,0,100,89,0
0,26,310.0,26,-26,101,89,0
1,18,324.0,19,-17,102,89,0
1,1,99.0,2,0,30,29,1
13,1,323.0,14,12,103,89,1
0,1,98.0,1,-1,31,29,0
2,1,98.0,3,1,32,29,1
2,1,22.0,3,1,64,35,0
38,26,106.0,64,12,33,29,0
73,0,338.0,73,73,104,89,0
20,0,74.0,20,20,4,4,0
59,0,378.0,59,59,105,89,0
1,1,19.0,2,0,65,35,0
1,1,57.0,2,0,38,36,0
1,1,338.0,2,0,106,89,1
1,1,338.0,2,0,107,89,1
1,1,583.0,2,0,138,136,0
3,1,338.0,4,2,108,89,0
1,1,338.0,2,0,109,89,1
79,1,116.0,80,78,9,30,0
26,0,1036.0,26,26,19,13,0
1,1,22.0,2,0,66,35,0
1,1,60.0,2,0,39,36,0
42,58,121.0,100,-16,10,30,0
2,1,61.0,3,1,40,36,0
3,3,22.0,6,0,67,35,0
4,27,320.0,31,-23,110,89,0
1,3,52.0,4,-2,25,34,0
40,15,129.0,55,25,11,30,0
1,1,61.0,2,0,41,36,0
1,1,64.0,2,0,7,8,1
1,1,54.0,2,0,26,34,1
4,4,26.0,8,0,1,4,1
9,9,596.0,18,0,139,136,1
1,1,56.0,2,0,1,8,1
1,1,596.0,2,0,140,136,1
2,2,77.0,4,0,23,21,1
1,1,596.0,2,0,141,136,1
2,3,129.0,5,-1,12,30,0
5,1,63.0,6,4,24,25,0
39,0,184.0,39,39,25,25,0
38,0,605.0,38,38,142,136,1
28,0,167.0,28,28,25,43,1
112,4,639.0,116,108,26,43,1
84,7,239.0,91,77,24,21,1
2,1,23.0,3,1,68,35,1
5,1,131.0,6,4,13,30,0
1,0,321.0,1,1,111,89,1
2,0,380.0,2,2,112,89,1
7,5,322.0,12,2,113,89,1
4,1,141.0,5,3,69,35,1
5,0,609.0,5,5,143,136,1
1,1,1036.0,2,0,20,13,1
17,0,121.0,17,17,14,27,1
3,1,324.0,4,2,114,89,1
6,0,55.0,6,6,2,5,1
1,1,324.0,2,0,115,89,0
146,0,39.0,146,146,0,22,0
0,46,314.0,46,-46,116,89,0
1,2,130.0,3,-1,14,30,0
13,3,611.0,16,10,144,136,0
9,5,23.0,14,4,70,35,0
1,2,12.0,3,-1,1,2,0
1,1,52.0,2,0,27,34,0
30,0,409.0,30,30,117,89,0
12,6,43.0,18,6,1,22,0
12,0,249.0,12,12,25,21,0
5,4,78.0,9,1,26,21,0
7,4,614.0,11,3,145,136,0
3,2,106.0,5,1,34,29,0
22,19,65.0,41,3,8,7,0
44,37,180.0,81,7,17,7,0
1,1,122.0,2,0,15,27,0
0,2,312.0,2,-2,118,89,1
2,1,615.0,3,1,146,136,1
23,8,47.0,31,15,2,22,1
13,0,419.0,13,13,119,89,1
1,1,64.0,2,0,8,8,1
6,0,47.0,6,6,7,10,1
11,0,139.0,11,11,15,30,1
5,2,67.0,7,3,9,7,1
3,2,313.0,5,1,120,89,1
4,1,1038.0,5,3,21,13,0
8,7,79.0,15,1,27,21,0
3,3,74.0,6,0,5,4,0
9,2,112.0,11,7,35,29,0
19,3,625.0,22,16,147,136,0
12,4,23.0,16,8,7,9,0
8,2,628.0,10,6,148,136,0
1,1,71.0,2,0,25,15,0
22,0,439.0,22,22,121,89,1
12,0,317.0,12,12,122,89,1
6,2,630.0,8,4,149,136,0
25,0,76.0,25,25,3,5,1
6,6,630.0,12,0,150,136,1
32,0,639.0,32,32,151,136,1
28,0,176.0,28,28,27,43,1
12,0,260.0,12,12,28,21,1
7,0,639.0,7,7,152,136,1
7,1,142.0,8,6,16,30,0
10,0,146.0,10,10,17,30,0
16,0,1053.0,16,16,22,13,0
27,0,94.0,27,27,10,13,0
1,0,28.0,1,1,11,13,0
3,0,321.0,3,3,123,89,0
1,1,23.0,2,0,71,35,0
2,0,47.0,2,2,3,22,0
5,0,639.0,5,5,153,136,1
1,1,639.0,2,0,154,136,1
2,2,61.0,4,0,42,36,0
1,1,23.0,2,0,72,35,0
6,0,644.0,6,6,155,136,0
73,4,144.0,77,69,36,29,0
1,109,962.0,110,-108,23,13,0
187,0,146.0,187,187,0,4,0
5,5,644.0,10,0,156,136,1
5,0,151.0,5,5,18,30,0
4,0,966.0,4,4,24,13,0
6,3,50.0,9,3,4,22,0
3,2,77.0,5,1,4,5,0
1,1,52.0,2,0,28,34,0
2,2,184.0,4,0,26,25,0
3,3,146.0,6,0,1,4,0
4,4,247.0,8,0,25,26,0
2,2,639.0,4,0,28,43,0
10,10,966.0,20,0,25,13,0
1,1,54.0,2,0,26,26,0
1,1,321.0,2,0,124,89,0
1,1,47.0,2,0,8,10,0
1,1,144.0,2,0,37,29,0
5,5,644.0,10,0,157,136,0
1,1,141.0,2,0,73,35,0
1,1,54.0,2,0,27,26,0
1,1,644.0,2,0,158,136,1
0,1,60.0,1,-1,43,36,0
1,2,50.0,3,-1,5,22,0
0,2,52.0,2,-2,29,34,0
1,3,226.0,4,-2,14,6,0
1,0,62.0,1,1,44,36,0
13,0,0.0,13,13,0,16,0
2,1,142.0,3,1,74,35,0
1,1,247.0,2,0,28,26,0
2,1,152.0,3,1,19,30,1
3,2,80.0,5,1,29,21,1
2,1,322.0,3,1,125,89,1
1,1,152.0,2,0,20,30,1
2,1,440.0,3,1,126,89,1
2,1,51.0,3,1,6,22,1
2,2,152.0,4,0,21,30,1
2,1,967.0,3,1,26,13,1
2,1,640.0,3,1,29,43,1
3,3,440.0,6,0,127,89,1
2,1,185.0,3,1,27,25,1
2,2,86.0,4,0,7,4,0
1,1,86.0,2,0,8,4,0
4,3,62.0,7,1,45,36,0
2,0,145.0,2,2,38,29,0
100,4,67.0,104,96,1,16,0
0,2,168.0,2,-2,10,5,0
1,1,121.0,2,0,16,27,0
0,2,184.0,2,-2,28,25,0
0,2,259.0,2,-2,30,21,0
1,1,26.0,2,0,2,4,0
0,1,93.0,1,-1,12,13,0
0,2,145.0,2,-2,2,4,0
1,3,439.0,4,-2,128,89,0
2,3,85.0,5,-1,9,4,0
1,18,8.0,19,-17,4,4,0
0,1,246.0,1,-1,29,26,0
1,3,76.0,4,-2,5,5,0
1,3,966.0,4,-2,27,13,0
0,2,639.0,2,-2,30,43,0
1,1,66.0,2,0,10,7,0
1,1,179.0,2,0,18,7,0
6,0,71.0,6,6,2,16,0
2,3,54.0,5,-1,30,26,0
9,24,634.0,33,-15,159,136,0
4,5,322.0,9,-1,129,89,0
1,3,62.0,4,-2,29,25,0
2,3,141.0,5,-1,75,35,0
0,2,73.0,2,-2,6,4,0
2,1,57.0,3,1,2,8,0
1,1,51.0,2,0,7,22,0
2,2,93.0,4,0,13,13,1
7,7,121.0,14,0,17,27,1
4,4,184.0,8,0,30,25,1
2,2,145.0,4,0,3,4,1
8,8,259.0,16,0,31,21,1
8,8,439.0,16,0,130,89,1
37,37,639.0,74,0,31,43,1
55,56,965.0,111,-1,28,13,1
2,2,76.0,4,0,6,5,1
4,4,965.0,8,0,29,13,0
17,17,639.0,34,0,32,43,0
1,1,439.0,2,0,131,89,0
1,1,26.0,2,0,3,4,0
11,11,259.0,22,0,32,21,0
7,7,184.0,14,0,31,25,0
1,1,26.0,2,0,4,4,0
1,1,93.0,2,0,14,13,0
12,12,145.0,24,0,4,4,0
19,19,439.0,38,0,132,89,0
4,4,85.0,8,0,10,4,0
5,2,143.0,7,3,76,35,0
22,22,639.0,44,0,33,43,0
46,46,965.0,92,0,30,13,0
1,1,73.0,2,0,7,4,0
18,18,259.0,36,0,33,21,0
12,12,246.0,24,0,31,26,0
6,6,184.0,12,0,32,25,0
4,4,184.0,8,0,33,25,0
2,2,143.0,4,0,77,35,0
7,1,147.0,8,6,78,35,0
27,27,965.0,54,0,31,13,0
13,13,639.0,26,0,34,43,0
2,2,246.0,4,0,32,26,0
2,2,85.0,4,0,11,4,0
14,14,439.0,28,0,133,89,0
1,1,26.0,2,0,5,4,0
13,13,259.0,26,0,34,21,0
3,3,184.0,6,0,34,25,0
3,0,149.0,3,3,79,35,0
4,4,965.0,8,0,32,13,0
2,2,246.0,4,0,33,26,0
5,5,145.0,10,0,5,4,0
1,1,184.0,2,0,35,25,0
7,0,154.0,7,7,80,35,0
6,1,90.0,7,5,12,4,1
3,1,49.0,4,2,9,10,1
4,1,152.0,5,3,81,35,1
5,5,152.0,10,0,22,30,1
0,1,61.0,1,-1,46,36,0
2,2,184.0,4,0,36,25,0
5,6,438.0,11,-1,134,89,0
2,2,639.0,4,0,35,43,0
4,1,93.0,5,3,13,4,0
3,3,80.0,6,0,35,21,0
2,2,51.0,4,0,8,22,0
1,2,321.0,3,-1,135,89,0
2,2,965.0,4,0,33,13,0
2,1,55.0,3,1,34,26,0
2,2,965.0,4,0,34,13,1
5,2,53.0,7,3,9,22,0
1,13,428.0,14,-12,136,89,0
7,12,52.0,19,-5,30,34,0
2,1,93.0,3,1,14,4,1
1,1,644.0,2,0,160,136,1
1,1,66.0,2,0,11,7,1
8,8,47.0,16,0,7,4,1
1,1,179.0,2,0,19,7,1
28,28,99.0,56,0,4,3,1
1,0,634.0,1,1,161,136,1
1,0,321.0,1,1,137,89,1
3,2,428.0,5,1,138,89,1
2,3,43.0,5,-1,18,27,1
1,1,634.0,2,0,162,136,0
1,1,55.0,2,0,35,26,0
1,1,49.0,2,0,10,10,0
1,1,57.0,2,0,3,8,0
1,1,321.0,2,0,139,89,0
1,1,62.0,2,0,37,25,0
2,2,965.0,4,0,35,13,1
2,2,639.0,4,0,36,43,1
1,1,321.0,2,0,140,89,1
1,1,71.0,2,0,3,16,1
5,5,634.0,10,0,163,136,1
1,1,145.0,2,0,39,29,1
1,1,61.0,2,0,47,36,0
3,3,965.0,6,0,36,13,1
5,5,428.0,10,0,141,89,1
1,1,93.0,2,0,15,13,1
1,1,26.0,2,0,6,4,1
1,1,184.0,2,0,38,25,1
2,2,121.0,4,0,19,27,1
1,1,321.0,2,0,142,89,0
1,0,429.0,1,1,143,89,0
3,0,148.0,3,3,40,29,0
1,0,966.0,1,1,37,13,0
1,0,322.0,1,1,144,89,0
5,0,644.0,5,5,37,43,1
16,0,445.0,16,16,145,89,1
1,0,967.0,1,1,38,13,1
2,0,447.0,2,2,146,89,0
2,1,74.0,3,1,8,4,1
1,1,634.0,2,0,164,136,0
0,4,69.0,4,-4,4,16,1
30,4,76.0,34,26,10,22,1
6,2,65.0,8,4,39,25,1
1,1,322.0,2,0,147,89,1
2,0,449.0,2,2,148,89,1
4,2,969.0,6,2,39,13,1
1,0,645.0,1,1,38,43,1
19,1,644.0,20,18,165,136,1
8,5,150.0,13,3,41,29,1
3,0,95.0,3,3,15,4,0
9,1,80.0,10,8,11,22,1
2,1,645.0,3,1,166,136,1
40,0,486.0,40,40,149,89,0
1,0,646.0,1,1,167,136,0
2,0,82.0,2,2,12,22,0
5,1,86.0,6,4,13,22,0
2,40,38.0,42,-38,5,16,0
4,1,325.0,5,3,150,89,0
2,2,486.0,4,0,151,89,0
1,1,38.0,2,0,6,16,0
7,0,648.0,7,7,168,136,1
15,1,155.0,16,14,42,29,1
34,0,992.0,34,34,40,13,1
12,0,1001.0,12,12,41,13,0
1,8,646.0,9,-7,169,136,0
20,7,92.0,27,13,14,22,0
11,6,491.0,17,5,152,89,0
2,2,1001.0,4,0,42,13,1
24,0,114.0,24,24,16,13,0
2,0,30.0,2,2,17,13,0
2,1,24.0,3,1,82,35,0
3,0,158.0,3,3,43,29,0
13,0,1012.0,13,13,43,13,0
3,3,646.0,6,0,170,136,0
11,2,650.0,13,9,171,136,0
2,2,650.0,4,0,172,136,0
19,0,659.0,19,19,39,43,0
59,0,37.0,59,59,0,2,0
0,2,650.0,2,-2,173,136,1
6,9,155.0,15,-3,44,29,1
15,6,1019.0,21,9,44,13,1
1,1,650.0,2,0,174,136,1
5,4,492.0,9,1,153,89,0
57,12,71.0,69,45,31,34,0
1,1,61.0,2,0,48,36,0
1,1,24.0,2,0,83,35,0
1,1,61.0,2,0,49,36,0
1,1,24.0,2,0,84,35,0
1,0,62.0,1,1,50,36,0
1,1,24.0,2,0,85,35,1
1,1,61.0,2,0,51,36,1
1,2,60.0,3,-1,52,36,0
17,2,93.0,19,15,15,22,0
6,0,498.0,6,6,154,89,0
5,0,157.0,5,5,23,30,0
3,0,1022.0,3,3,45,13,0
1,1,650.0,2,0,175,136,1
29,0,1045.0,29,29,46,13,1
1,1,24.0,2,0,86,35,0
1,1,60.0,2,0,53,36,0
1,1,24.0,2,0,87,35,0
1,1,60.0,2,0,54,36,0
1,1,60.0,2,0,55,36,0
1,1,24.0,2,0,88,35,0
1,1,176.0,2,0,40,43,1
3,0,159.0,3,3,89,35,0
10,1,651.0,11,9,176,136,0
10,0,255.0,10,10,36,26,0
1,1,114.0,2,0,18,13,1
0,5,649.0,5,-5,177,136,1
1,0,651.0,1,1,178,136,1
33,0,164.0,33,33,24,30,1
43,0,1079.0,43,43,47,13,1
4,4,1079.0,8,0,48,13,1
3,0,653.0,3,3,179,136,1
7,0,1085.0,7,7,49,13,1
32,2,528.0,34,30,155,89,0
1,1,653.0,2,0,180,136,0
27,0,70.0,27,27,37,26,0
19,0,263.0,19,19,38,26,0
7,2,330.0,9,5,156,89,1
13,0,258.0,13,13,39,26,1
1,1,164.0,2,0,25,30,1
40,1,1120.0,41,39,50,13,1
3,2,653.0,5,1,181,136,1
1,1,653.0,2,0,182,136,1
2,2,71.0,4,0,32,34,0
1,1,66.0,2,0,12,7,0
24,20,67.0,44,4,13,7,0
1,1,49.0,2,0,11,10,0
1,1,93.0,2,0,16,22,0
1,2,653.0,3,-1,183,136,0
11,0,179.0,11,11,41,43,1
33,0,684.0,33,33,42,43,0
3,1,96.0,4,2,16,4,1
1,1,528.0,2,0,157,89,1
1,1,43.0,2,0,20,27,0
7,0,657.0,7,7,184,136,0
8,0,266.0,8,8,36,21,0
1,1,176.0,2,0,43,43,1
1,1,651.0,2,0,185,136,1
18,0,1062.0,18,18,51,13,1
7,7,330.0,14,0,158,89,1
2,2,653.0,4,0,186,136,0
17,0,87.0,17,17,9,4,1
16,0,158.0,16,16,6,4,1
5,0,159.0,5,5,45,29,1
1,1,653.0,2,0,187,136,1
1,1,330.0,2,0,159,89,1
14,9,655.0,23,5,188,136,0
22,0,1103.0,22,22,52,13,0
17,9,1114.0,26,8,53,13,0
1,1,76.0,2,0,7,5,0
1,1,498.0,2,0,160,89,0
1,1,24.0,2,0,1,2,0
1,1,1045.0,2,0,54,13,0
1,1,258.0,2,0,40,26,0
1,1,659.0,2,0,44,43,0
1,1,158.0,2,0,7,4,0
1,1,8.0,2,0,5,4,0
1,1,114.0,2,0,19,13,0
1,1,43.0,2,0,21,27,0
1,1,259.0,2,0,37,21,0
1,1,184.0,2,0,40,25,0
1,1,121.0,2,0,22,27,0
1,1,71.0,2,0,33,34,0
1,1,226.0,2,0,15,6,0
1,1,64.0,2,0,9,8,0
1,1,168.0,2,0,11,5,0
1,1,98.0,2,0,6,9,0
1,1,87.0,2,0,10,4,0
1,1,26.0,2,0,7,4,0
1,1,157.0,2,0,90,35,0
1,1,95.0,2,0,17,4,0
1,1,80.0,2,0,38,21,0
1,1,12.0,2,0,1,5,0
1,1,47.0,2,0,8,4,0
1,1,99.0,2,0,5,3,0
1,1,24.0,2,0,91,35,0
1,1,38.0,2,0,7,16,0
1,1,650.0,2,0,189,136,0
1,1,176.0,2,0,45,43,0
1,1,55.0,2,0,41,26,0
1,1,159.0,2,0,46,29,0
1,1,49.0,2,0,12,10,0
1,1,179.0,2,0,20,7,0
1,1,57.0,2,0,4,8,0
1,1,6.0,2,0,92,35,0
1,1,30.0,2,0,20,13,0
1,1,157.0,2,0,26,30,0
1,1,15.0,2,0,21,8,0
1,1,65.0,2,0,41,25,0
1,1,93.0,2,0,17,22,0
1,1,66.0,2,0,14,7,0
1,1,330.0,2,0,161,89,0
1,1,20.0,2,0,5,10,0
1,1,23.0,2,0,8,9,0
1,1,72.0,2,0,26,15,0
1,1,37.0,2,0,1,2,0
1,1,37.0,2,0,2,2,0
15,0,272.0,15,15,42,26,0
34,0,65.0,34,34,43,26,0
1,1,49.0,2,0,13,10,0
24,0,55.0,24,24,8,16,1
7,0,164.0,7,7,47,29,1
2,2,164.0,4,0,48,29,0
1,1,164.0,2,0,49,29,1
9,0,536.0,9,9,162,89,0
16,1,79.0,17,15,34,34,0
2,0,67.0,2,2,42,25,1
14,0,195.0,14,14,43,25,1
1,1,195.0,2,0,44,25,1
0,1,650.0,1,-1,190,136,0
1,0,651.0,1,1,191,136,0
11,0,508.0,11,11,163,89,1
13,8,334.0,21,5,164,89,1
2,1,68.0,3,1,15,7,0
3,2,509.0,5,1,165,89,1
2,2,195.0,4,0,45,25,1
2,0,336.0,2,2,166,89,1
10,0,518.0,10,10,167,89,0
5,2,521.0,7,3,168,89,1
1,0,522.0,1,1,169,89,0
6,3,1065.0,9,3,55,13,0
1,1,522.0,2,0,170,89,0
6,6,1062.0,12,0,56,13,1
2,0,70.0,2,2,44,26,0
1,1,72.0,2,0,27,15,0
2,0,657.0,2,2,192,136,0
3,0,161.0,3,3,93,35,1
2,2,658.0,4,0,193,136,0
5,3,657.0,8,2,194,136,0
2,2,80.0,4,0,45,26,1
2,0,80.0,2,2,46,26,0
14,0,658.0,14,14,195,136,0
1,1,93.0,2,0,18,22,0
1,1,164.0,2,0,27,30,0
2,2,30.0,4,0,21,13,0
4,4,43.0,8,0,23,27,0
6,6,79.0,12,0,35,34,0
0,11,176.0,11,-11,46,43,1
0,33,659.0,33,-33,47,43,1
11,0,179.0,11,11,48,43,1
33,0,684.0,33,33,49,43,1
3,2,98.0,5,1,7,9,1
30,8,343.0,38,22,171,89,0
2,2,343.0,4,0,172,89,1
12,2,663.0,14,10,196,136,0
4,2,181.0,6,2,50,43,0
19,3,354.0,22,16,173,89,0
1,1,93.0,2,0,19,22,1
1,1,79.0,2,0,36,34,1
1,1,663.0,2,0,197,136,1
40,18,176.0,58,22,28,30,0
50,0,1161.0,50,50,57,13,0
2,2,24.0,4,0,94,35,1
220,0,147.0,220,220,0,2,0
4,0,64.0,4,4,56,36,0
16,3,156.0,19,13,1,2,0
15,0,3.0,15,15,0,5,0
15,1,159.0,16,14,2,2,0
7,7,159.0,14,0,3,2,1
1,1,55.0,2,0,9,16,1
1,1,354.0,2,0,174,89,1
1,1,72.0,2,0,28,15,0
7,4,66.0,11,3,57,36,0
1,1,3.0,2,0,1,5,0
44,3,676.0,47,41,198,136,0
347,0,225.0,347,347,0,60,0
4,2,224.0,6,2,1,60,0
2,0,226.0,2,2,2,60,0
8,12,66.0,20,-4,16,7,0
1,1,226.0,2,0,3,60,1
5,0,231.0,5,5,4,60,0
0,4,35.0,4,-4,3,2,0
7,12,176.0,19,-5,21,7,0
1,5,5.0,6,-4,1,4,0
0,4,10.0,4,-4,2,5,0
1,1,247.0,2,0,5,60,1
6,6,231.0,12,0,6,60,0
8,3,68.0,11,5,17,7,1
2,1,48.0,3,1,9,4,1
9,3,179.0,12,6,22,7,1
2,1,100.0,3,1,6,3,1
2,2,231.0,4,0,7,60,1
43,17,246.0,60,26,8,60,0
31,28,247.0,59,3,9,60,0
115,73,260.0,188,42,10,60,0
108,80,255.0,188,28,11,60,0
1,1,66.0,2,0,58,36,0
4,0,66.0,4,4,59,36,1
20,3,38.0,23,17,9,9,1
16,4,257.0,20,12,12,60,1
1,1,3.0,2,0,2,5,1
12,26,264.0,38,-14,13,60,0
2,2,676.0,4,0,199,136,0
1,6,260.0,7,-5,14,60,0
1,1,676.0,2,0,200,136,1
26,24,164.0,50,2,29,30,0
1,1,55.0,2,0,10,16,1
3,0,7.0,3,3,2,4,0
22,0,96.0,22,22,47,26,0
28,0,322.0,28,28,48,26,0
4,6,94.0,10,-2,49,26,0
4,1,354.0,5,3,175,89,1
2,2,260.0,4,0,15,60,0
1,1,66.0,2,0,60,36,0
1,1,260.0,2,0,16,60,0
38,31,260.0,69,7,17,60,0
2,2,676.0,4,0,201,136,0
1,1,676.0,2,0,202,136,0
4,2,74.0,6,2,29,15,0
0,3,258.0,3,-3,18,60,0
1,1,258.0,2,0,19,60,0
0,1,675.0,1,-1,203,136,0
12,1,264.0,13,11,20,60,0
1,12,670.0,13,-11,204,136,1
36,7,42.0,43,29,6,10,1
5,1,1170.0,6,4,58,13,1
1,0,685.0,1,1,51,43,1
2,0,562.0,2,2,176,89,1
1,0,196.0,1,1,46,25,1
0,34,1142.0,34,-34,59,13,0
1,240,476.0,241,-239,52,43,0
1,11,70.0,12,-10,39,21,0
0,32,653.0,32,-32,205,136,0
0,11,158.0,11,-11,50,29,0
0,1,23.0,1,-1,95,35,0
20,4,51.0,24,16,7,10,0
2,1,354.0,3,1,177,89,0
30,30,264.0,60,0,21,60,0
8,0,267.0,8,8,22,60,0
2,0,67.0,2,2,47,25,1
1,1,164.0,2,0,30,30,0
1,2,65.0,3,-1,61,36,0
2,2,196.0,4,0,0,14,0
2,2,26.0,4,0,0,4,0
1,1,162.0,2,0,96,35,0
2,2,158.0,4,0,0,14,0
2,2,76.0,4,0,0,7,0
2,2,121.0,4,0,0,8,0
2,2,96.0,4,0,0,4,0
2,2,24.0,4,0,0,1,0
2,2,8.0,4,0,0,5,0
2,2,322.0,4,0,0,11,0
2,2,476.0,4,0,0,17,0
2,2,1142.0,4,0,0,48,0
2,2,87.0,4,0,0,11,0
2,2,302.0,4,0,0,14,0
2,2,114.0,4,0,0,8,0
2,2,562.0,4,0,0,42,0
1,1,1.0,2,0,1,2,0
11,11,476.0,22,0,1,17,0
20,27,1137.0,47,-7,1,48,0
4,4,24.0,8,0,1,1,0
4,4,87.0,8,0,1,11,0
33,136,95.0,169,-103,97,35,0
151,0,100.0,151,151,0,5,0
77,0,48.0,77,77,0,6,0
33,0,16.0,33,33,0,2,0
3,3,96.0,6,0,1,4,0
17,17,562.0,34,0,1,42,0
13,14,72.0,27,-1,1,7,0
3,3,8.0,6,0,1,5,0
3,3,158.0,6,0,1,14,0
3,3,114.0,6,0,1,8,0
3,3,26.0,6,0,1,4,0
3,3,302.0,6,0,1,14,0
25,25,197.0,50,0,1,14,0
3,3,121.0,6,0,1,8,0
8,8,322.0,16,0,1,11,0
1,1,65.0,2,0,62,36,0
8,8,320.0,16,0,2,11,1
161,168,301.0,329,-7,3,11,0
105,0,66.0,105,105,0,8,1
0,86,239.0,86,-86,4,11,1
18,10,117.0,28,8,2,8,0
257,248,1145.0,505,9,2,48,0
17,15,122.0,32,2,2,8,0
37,37,197.0,74,0,2,14,0
63,65,300.0,128,-2,2,14,0
3,3,26.0,6,0,2,4,0
16,17,116.0,33,-1,3,8,0
45,50,152.0,95,-5,2,14,0
5,5,72.0,10,0,2,7,0
94,100,555.0,194,-6,2,42,0
28,25,98.0,53,3,2,4,0
33,33,239.0,66,0,5,11,0
75,75,475.0,150,0,2,17,0
18,15,89.0,33,3,2,11,0
3,31,75.0,34,-28,98,35,0
25,4,286.0,29,21,23,60,0
0,8,65.0,8,-8,40,21,0
2,2,286.0,4,0,24,60,1
1,1,79.0,2,0,37,34,1
69,1,105.0,70,68,14,10,1
1,0,654.0,1,1,206,136,1
5,0,8.0,5,5,99,35,1
1,0,7.0,1,1,100,35,1
42,0,302.0,42,42,41,21,1
20,6,77.0,26,14,42,21,1
1,3,164.0,4,-2,31,30,1
1,1,77.0,2,0,43,21,1
1,1,302.0,2,0,44,21,1
1,0,162.0,1,1,101,35,0
2,3,76.0,5,-1,45,21,0
9,0,658.0,9,9,207,136,0
1,1,89.0,2,0,3,11,1
142,150,117.0,292,-8,3,8,0
323,331,293.0,654,-8,3,14,0
20,28,21.0,48,-8,3,4,0
110,112,97.0,222,-2,3,4,0
23,1,82.0,24,22,1,8,0
0,19,61.0,19,-19,102,35,0
92,100,84.0,192,-8,4,11,0
149,160,146.0,309,-11,3,14,0
2,2,1145.0,4,0,3,48,0
512,519,470.0,1031,-7,3,17,0
2,2,239.0,4,0,6,11,0
1,11,3.0,12,-10,2,5,0
5,16,546.0,21,-11,3,42,0
2,2,72.0,4,0,3,7,0
130,132,115.0,262,-2,4,8,0
2,2,197.0,4,0,3,14,0
1,1,114.0,2,0,5,8,0
1,1,20.0,2,0,4,4,0
1,1,145.0,2,0,4,14,0
1,1,196.0,2,0,4,14,0
1,1,116.0,2,0,4,8,0
1,1,292.0,2,0,4,14,0
1,1,71.0,2,0,4,7,0
1,1,1145.0,2,0,4,48,0
1,1,96.0,2,0,4,4,0
1,1,546.0,2,0,4,42,0
1,1,83.0,2,0,5,11,0
0,21,50.0,21,-21,103,35,0
1,1,238.0,2,0,7,11,0
1,1,469.0,2,0,4,17,0
1,1,3.0,2,0,3,5,0
2,0,71.0,2,2,5,7,0
1,1,292.0,2,0,5,14,0
2,2,82.0,4,0,2,8,0
2,2,469.0,4,0,5,17,0
14,14,96.0,28,0,5,4,0
0,20,38.0,20,-20,104,35,0
88,38,121.0,126,50,6,4,0
2,1,547.0,3,1,5,42,0
12,12,82.0,24,0,3,8,1
24,24,238.0,48,0,8,11,1
10,10,121.0,20,0,7,4,1
2,2,547.0,4,0,6,42,1
208,222,188.0,430,-14,5,14,0
43,53,65.0,96,-10,6,7,0
1340,1198,1142.0,2538,142,5,48,0
132,0,96.0,132,132,0,6,0
146,253,139.0,399,-107,9,11,0
1,38,38.0,39,-37,63,36,0
1,5,0.0,6,-4,4,5,0
1,1,354.0,2,0,178,89,1
19,27,539.0,46,-8,7,42,0
9,7,96.0,16,2,1,6,0
7,0,87.0,7,7,4,8,0
1,1,168.0,2,0,12,5,1
28,0,1160.0,28,28,6,48,0
5,2,95.0,7,3,50,26,0
2,0,97.0,2,2,51,26,0
1,2,115.0,3,-1,5,8,0
1,2,187.0,3,-1,6,14,0
1,4,291.0,5,-3,6,14,0
1,2,19.0,3,-1,5,4,0
2,3,144.0,5,-1,5,14,0
1,2,468.0,3,-1,6,17,0
1,3,82.0,4,-2,6,11,0
21,0,131.0,21,21,6,8,0
28,0,1184.0,28,28,7,48,0
8,1,95.0,9,7,20,22,0
3,1,82.0,4,2,38,34,0
40,0,26.0,40,40,5,5,0
2,2,71.0,4,0,39,34,0
4,0,658.0,4,4,208,136,0
2,0,1184.0,2,2,8,48,0
8,0,147.0,8,8,10,11,0
27,3,309.0,30,24,7,14,0
5,3,660.0,8,2,209,136,0
2,2,286.0,4,0,25,60,1
0,1,131.0,1,-1,7,8,0
0,1,87.0,1,-1,5,8,0
2,2,82.0,4,0,7,11,0
1,1,658.0,2,0,210,136,0
1,1,354.0,2,0,179,89,0
2,2,291.0,4,0,8,14,0
1,1,158.0,2,0,51,29,0
1,1,658.0,2,0,211,136,0
2,2,354.0,4,0,180,89,0
1,1,164.0,2,0,32,30,1
1,1,30.0,2,0,22,13,0
1,1,30.0,2,0,23,13,0
1,1,76.0,2,0,46,21,0
1,1,43.0,2,0,24,27,1
1,1,354.0,2,0,181,89,0
1,1,105.0,2,0,15,10,0
26,26,660.0,52,0,212,136,0
1,1,181.0,2,0,53,43,0
4,4,97.0,8,0,52,26,0
1,1,158.0,2,0,52,29,0
14,14,354.0,28,0,182,89,0
9,9,164.0,18,0,33,30,0
7,7,82.0,14,0,40,34,0
10,10,660.0,20,0,213,136,0
3,3,660.0,6,0,214,136,0
1,1,354.0,2,0,183,89,0
2,2,286.0,4,0,26,60,1
2,2,660.0,4,0,215,136,1
1,1,82.0,2,0,41,34,1
1,1,354.0,2,0,184,89,1
8,8,660.0,16,0,216,136,1
1,1,158.0,2,0,53,29,1
4,4,354.0,8,0,185,89,0
7,7,660.0,14,0,217,136,0
1,1,95.0,2,0,21,22,0
3,3,82.0,6,0,42,34,0
1,1,660.0,2,0,218,136,0
1,1,354.0,2,0,186,89,0
1,1,660.0,2,0,219,136,1
1,1,354.0,2,0,187,89,1
1,1,95.0,2,0,22,22,1
2,2,164.0,4,0,34,30,1
9,4,97.0,13,5,23,22,1
3,3,1184.0,6,0,9,48,1
98,26,699.0,124,72,220,136,1
24,10,712.0,34,14,221,136,0
12,0,1191.0,12,12,10,48,1
1,1,660.0,2,0,222,136,1
2,11,705.0,13,-9,223,136,0
6,0,292.0,6,6,27,60,0
5,1,709.0,6,4,224,136,0
1,15,698.0,16,-14,225,136,0
43,70,680.0,113,-27,226,136,0
113,0,77.0,113,113,0,12,0
1,1,168.0,2,0,0,2,0
1,1,98.0,2,0,8,9,0
1,1,87.0,2,0,6,8,0
1,1,82.0,2,0,8,11,0
1,1,1191.0,2,0,11,48,0
1,1,468.0,2,0,7,17,0
1,1,147.0,2,0,11,11,0
1,1,26.0,2,0,6,5,0
1,1,65.0,2,0,7,7,0
1,1,539.0,2,0,8,42,0
1,1,96.0,2,0,2,6,0
1,1,64.0,2,0,10,8,0
1,1,144.0,2,0,6,14,0
1,1,131.0,2,0,8,8,0
1,1,309.0,2,0,9,14,0
1,1,187.0,2,0,7,14,0
1,1,115.0,2,0,6,8,0
1,1,121.0,2,0,8,4,0
1,1,226.0,2,0,16,6,0
1,1,19.0,2,0,6,4,0
1,1,43.0,2,0,25,27,0
1,1,179.0,2,0,23,7,0
1,1,10.0,2,0,3,5,0
1,1,48.0,2,0,1,6,0
1,1,68.0,2,0,18,7,0
1,1,74.0,2,0,30,15,0
1,1,100.0,2,0,1,5,0
1,1,23.0,2,0,105,35,0
1,1,3.0,2,0,3,5,0
1,1,55.0,2,0,11,16,0
1,1,660.0,2,0,227,136,0
1,1,292.0,2,0,28,60,0
1,1,97.0,2,0,53,26,0
1,1,181.0,2,0,54,43,0
1,1,105.0,2,0,16,10,0
1,1,67.0,2,0,48,25,0
1,1,76.0,2,0,47,21,0
1,1,30.0,2,0,24,13,0
1,1,164.0,2,0,35,30,0
1,1,51.0,2,0,8,10,0
1,1,97.0,2,0,24,22,0
1,1,158.0,2,0,54,29,0
1,1,82.0,2,0,43,34,0
1,1,354.0,2,0,188,89,0
1,1,38.0,2,0,10,9,0
1,1,57.0,2,0,5,8,0
1,1,6.0,2,0,106,35,0
5,6,679.0,11,-1,228,136,0
3,3,97.0,6,0,25,22,0
20,0,554.0,20,20,9,42,0
1,1,660.0,2,0,229,136,1
3,2,660.0,5,1,230,136,1
7,1,660.0,8,6,231,136,0
4,0,660.0,4,4,232,136,0
3,0,660.0,3,3,233,136,0
18,0,1204.0,18,18,12,48,0
1,1,24.0,2,0,107,35,0
1,1,60.0,2,0,64,36,0
11,3,43.0,14,8,65,36,0
1,1,1204.0,2,0,13,48,1
19,0,16.0,19,19,0,1,1
30,0,22.0,30,30,0,1,1
12,2,1212.0,14,10,14,48,0
2,6,354.0,8,-4,189,89,0
20,0,10.0,20,20,0,1,1
8,24,5.0,32,-16,1,1,1
36,5,31.0,41,31,2,1,1
15,2,24.0,17,13,5,2,1
0,1,30.0,1,-1,3,1,0
1,0,25.0,1,1,6,2,0
48,2,46.0,50,46,4,1,1
5,2,48.0,7,3,5,1,1
3,4,46.0,7,-1,6,1,0
40,0,26.0,40,40,0,2,0
3,1,48.0,4,2,7,1,1
23,16,55.0,39,7,8,1,1
9,2,32.0,11,7,1,2,1
29,6,62.0,35,23,9,1,0
51,0,34.0,51,51,2,2,0
35,12,77.0,47,23,10,1,1
21,9,42.0,30,12,3,2,1
1,1,77.0,2,0,11,1,0
21,3,90.0,24,18,12,1,0
9,1,48.0,10,8,4,2,0
0,2,90.0,2,-2,13,1,0
1,4,90.0,5,-3,14,1,0
7,1,52.0,8,6,5,2,1
2,0,92.0,2,2,15,1,1
1,1,82.0,2,0,44,34,0
5,3,85.0,8,2,45,34,1
5,4,86.0,9,1,46,34,0
24,0,576.0,24,24,10,42,1
2,2,576.0,4,0,11,42,0
4,4,576.0,8,0,12,42,0
1,1,86.0,2,0,47,34,0
1,1,86.0,2,0,48,34,1
2,2,576.0,4,0,13,42,1
1,1,86.0,2,0,49,34,0
3,4,85.0,7,-1,50,34,0
3,4,353.0,7,-1,190,89,0
8,8,353.0,16,0,191,89,0
0,4,63.0,4,-4,8,7,0
1,1,23.0,2,0,108,35,0
24,0,150.0,24,24,9,8,0
2,1,77.0,3,1,48,21,0
2,1,31.0,3,1,25,13,0
2,4,147.0,6,-2,10,8,1
1,1,31.0,2,0,26,13,1
15,0,157.0,15,15,7,14,0
15,0,94.0,15,15,9,11,0
8,4,159.0,12,4,55,29,0
7,4,661.0,11,3,234,136,0
16,0,159.0,16,16,11,8,0
13,2,81.0,15,11,49,21,0
8,2,165.0,10,6,12,8,1
1,1,165.0,2,0,13,8,1
1,1,1212.0,2,0,15,48,1
23,26,1209.0,49,-3,16,48,1
26,23,1212.0,49,3,17,48,0
14,0,192.0,14,14,8,14,0
14,1,76.0,15,13,49,25,0
3,5,74.0,8,-2,50,25,0
1,0,193.0,1,1,9,14,0
6,5,83.0,11,1,50,21,0
1,1,74.0,2,0,51,25,0
75,6,116.0,81,69,51,34,0
13,6,196.0,19,7,10,14,0
81,137,88.0,218,-56,52,34,0
3,3,88.0,6,0,53,34,0
14,8,93.0,22,6,54,34,0
7,7,93.0,14,0,55,34,0
13,20,91.0,33,-7,56,34,0
10,0,316.0,10,10,10,14,0
6,1,662.0,7,5,235,136,0
0,20,150.0,20,-20,14,8,0
2,13,77.0,15,-11,51,21,0
6,6,679.0,12,0,236,136,0
25,15,685.0,40,10,237,136,0
80,82,77.0,162,-2,1,12,1
1,1,91.0,2,0,57,34,0
3,3,51.0,6,0,9,10,1
28,0,333.0,28,28,29,60,0
2,2,97.0,4,0,54,26,0
2,2,64.0,4,0,11,8,0
2,1,685.0,3,1,238,136,1
1,1,97.0,2,0,26,22,1
1,1,353.0,2,0,192,89,1
29,0,97.0,29,29,2,12,1
1,1,685.0,2,0,239,136,1
1,1,85.0,2,0,58,34,0
1,1,181.0,2,0,55,43,0
1,1,662.0,2,0,240,136,0
21,0,89.0,21,21,31,15,0
1,1,316.0,2,0,11,14,0
2,2,686.0,4,0,241,136,0
4,2,681.0,6,2,242,136,0
41,0,1243.0,41,41,18,48,0
3,1,355.0,4,2,193,89,0
1,1,292.0,2,0,30,60,0
0,1,180.0,1,-1,56,43,1
22,0,110.0,22,22,10,11,0
9,0,166.0,9,9,56,29,0
0,7,680.0,7,-7,243,136,0
8,8,680.0,16,0,244,136,0
20,1,334.0,21,19,12,14,0
1,1,77.0,2,0,52,21,0
2,2,680.0,4,0,245,136,0
3,0,12.0,3,3,4,5,1
11,0,1069.0,11,11,60,13,1
3,2,651.0,5,1,246,136,1
1,1,355.0,2,0,194,89,0
1,1,355.0,2,0,195,89,0
4,12,50.0,16,-8,12,16,0
5,6,51.0,11,-1,13,16,0
9,5,682.0,14,4,247,136,0
16,15,91.0,31,1,59,34,0
2,2,680.0,4,0,248,136,1
7,2,680.0,9,5,249,136,0
11,1,682.0,12,10,250,136,0
13,1,358.0,14,12,196,89,0
1,4,163.0,5,-3,36,30,0
9,0,154.0,9,9,12,11,0
1,1,57.0,2,0,6,8,1
1,1,682.0,2,0,251,136,1
32,0,222.0,32,32,52,25,0
15,4,76.0,19,11,53,25,0
5,1,651.0,6,4,252,136,0
12,13,52.0,25,-1,6,2,0
0,2,165.0,2,-2,57,29,0
6,0,49.0,6,6,66,36,0
32,8,106.0,40,24,27,22,1
69,29,608.0,98,40,14,42,1
20,0,1233.0,20,20,19,48,0
2,1,293.0,3,1,31,60,0
1,0,683.0,1,1,253,136,0
10,8,682.0,18,2,254,136,0
1,1,358.0,2,0,197,89,0
6,8,104.0,14,-2,28,22,0
6,11,101.0,17,-5,29,22,0
1,1,165.0,2,0,58,29,0
1,1,683.0,2,0,255,136,1
1,1,97.0,2,0,55,26,1
3,5,683.0,8,-2,256,136,0
15,35,1213.0,50,-20,20,48,0
2,5,465.0,7,-3,8,17,0
17,29,142.0,46,-12,13,11,0
4,10,181.0,14,-6,11,14,0
1,5,153.0,6,-4,8,14,0
1,1,98.0,2,0,9,9,0
3,3,608.0,6,0,15,42,1
1,1,358.0,2,0,198,89,1
24,1,72.0,25,23,7,8,1
9,0,617.0,9,9,16,42,0
6,3,361.0,9,3,199,89,0
2,2,49.0,4,0,67,36,0
1,1,43.0,2,0,26,27,1
12,0,1223.0,12,12,21,48,0
1,1,101.0,2,0,30,22,0
1,0,684.0,1,1,257,136,0
15,14,91.0,29,1,32,15,1
6,5,85.0,11,1,60,34,0
5,4,67.0,9,1,54,25,1
137,0,85.0,137,137,0,33,1
6,0,4.0,6,6,0,3,1
5,0,3.0,5,5,258,136,1
1,1,684.0,2,0,259,136,1
2,2,168.0,4,0,1,2,0
1,2,62.0,3,-1,9,7,0
10,0,626.0,10,10,17,42,1
11,2,367.0,13,9,200,89,1
20,11,84.0,31,9,53,21,0
16,1,684.0,17,15,260,136,1
1,1,101.0,2,0,31,22,0
1,1,163.0,2,0,37,30,0
1,1,180.0,2,0,57,43,0
9,9,684.0,18,0,261,136,0
1,1,85.0,2,0,61,34,0
3,3,97.0,6,0,56,26,0
1,1,84.0,2,0,1,33,1
1,2,83.0,3,-1,2,33,0
7,1,365.0,8,6,201,89,0
39,85,273.0,124,-46,32,60,0
3,2,685.0,5,1,262,136,0
16,6,278.0,22,10,33,60,0
19,0,292.0,19,19,34,60,0
22,0,126.0,22,22,11,11,1
42,38,169.0,80,4,59,29,1
0,7,93.0,7,-7,10,9,0
1,1,23.0,2,0,109,35,0
1,1,23.0,2,0,110,35,0
1,1,91.0,2,0,33,15,0
1,1,72.0,2,0,8,8,0
1,1,292.0,2,0,35,60,1
2,1,227.0,3,1,17,6,0
3,2,94.0,5,1,11,9,0
26,3,311.0,29,23,36,60,0
1,1,311.0,2,0,37,60,0
9,22,359.0,31,-13,202,89,1
2,28,613.0,30,-26,18,42,1
8,0,632.0,8,8,19,42,1
2,0,49.0,2,2,68,36,0
12,1,652.0,13,11,20,42,1
10,3,367.0,13,7,203,89,1
0,8,626.0,8,-8,21,42,0
3,3,292.0,6,0,38,60,1
8,1,88.0,9,7,3,33,1
8,3,97.0,11,5,57,26,0
19,0,1238.0,19,19,22,48,0
4,5,86.0,9,-1,7,8,1
4,3,1238.0,7,1,23,48,1
8,12,24.0,20,-4,7,5,1
12,0,129.0,12,12,9,4,1
84,74,624.0,158,10,22,42,1
10,10,624.0,20,0,23,42,0
20,19,625.0,39,1,24,42,0
4,0,1240.0,4,4,24,48,0
2,0,88.0,2,2,8,8,0
8,1,88.0,9,7,4,33,1
3,3,311.0,6,0,39,60,1
8,0,1246.0,8,8,25,48,1
29,0,673.0,29,29,25,42,0
19,0,477.0,19,19,9,17,0
18,14,362.0,32,4,204,89,0
43,1,642.0,44,42,26,42,0
18,3,96.0,21,15,5,33,0
9,8,651.0,17,1,27,42,0
5,9,364.0,14,-4,205,89,0
15,1,107.0,16,14,6,33,0
1,1,23.0,2,0,111,35,0
1,1,23.0,2,0,112,35,0
7,0,182.0,7,7,58,43,0
4,2,103.0,6,2,32,22,0
37,2,682.0,39,35,28,42,0
11,4,110.0,15,7,33,22,0
2,2,682.0,4,0,29,42,0
13,5,52.0,18,8,14,16,1
2,0,687.0,2,2,263,136,1
1,16,685.0,17,-15,264,136,1
17,0,345.0,17,17,13,14,1
1,3,344.0,4,-2,14,14,0
1,4,98.0,5,-3,34,22,1
2,1,312.0,3,1,40,60,1
38,1,123.0,39,37,7,33,1
18,0,11.0,18,18,0,1,1
3,0,336.0,3,3,41,60,1
11,12,120.0,23,-1,8,33,1
2,2,312.0,4,0,42,60,1
42,36,97.0,78,6,34,15,1
1,1,685.0,2,0,265,136,1
42,0,145.0,42,42,7,8,0
5,1,45.0,6,4,27,27,0
14,11,110.0,25,3,9,33,0
1,2,48.0,3,-1,2,6,1
6,0,4.0,6,6,0,1,1
16,0,15.0,16,16,69,36,1
7,1,318.0,8,6,43,60,0
2,0,112.0,2,2,10,33,0
3,3,74.0,6,0,55,25,0
0,7,86.0,7,-7,62,34,0
1,1,74.0,2,0,56,25,1
16,1,124.0,17,15,11,33,0
15,15,672.0,30,0,30,42,0
1,1,100.0,2,0,2,5,1
16,0,15.0,16,16,70,36,1
2,2,48.0,4,0,3,6,1
1,0,1.0,1,1,113,35,1
4,0,52.0,4,4,10,10,0
39,17,373.0,56,22,206,89,1
21,10,680.0,31,11,31,42,1
2,1,686.0,3,1,266,136,1
1,1,318.0,2,0,44,60,1
2,2,1246.0,4,0,26,48,1
1,1,686.0,2,0,267,136,0
1,0,1.0,1,1,114,35,0
2,2,373.0,4,0,207,89,1
5,1,684.0,6,4,32,42,1
3,3,686.0,6,0,268,136,0
0,2,684.0,2,-2,269,136,1
1,2,317.0,3,-1,45,60,1
0,2,1245.0,2,-2,27,48,1
25,4,692.0,29,21,270,136,1
23,0,1262.0,23,23,28,48,1
1,1,684.0,2,0,271,136,1
1,0,392.0,1,1,208,89,1
2,1,374.0,3,1,209,89,1
1,3,682.0,4,-2,33,42,1
0,5,369.0,5,-5,210,89,0
2,2,692.0,4,0,272,136,1
1,1,369.0,2,0,211,89,0
1,1,43.0,2,0,28,27,1
1,1,369.0,2,0,212,89,0
1,1,692.0,2,0,273,136,1
65,0,733.0,65,65,34,42,0
27,9,381.0,36,18,213,89,0
1,1,317.0,2,0,46,60,0
1,1,1.0,2,0,115,35,1
14,0,75.0,14,14,57,25,1
35,0,211.0,35,35,12,14,1
1,1,1.0,2,0,116,35,1
2,1,692.0,3,1,274,136,1
1,13,684.0,14,-12,275,136,0
2,2,317.0,4,0,47,60,0
1,1,163.0,2,0,38,30,0
1,1,31.0,2,0,27,13,0
1,1,23.0,2,0,117,35,0
9,15,732.0,24,-6,35,42,0
4,10,90.0,14,-6,35,15,0
1,1,1.0,2,0,118,35,1
5,1,167.0,6,4,39,30,0
20,0,402.0,20,20,214,89,0
14,10,163.0,24,4,40,30,0
8,0,739.0,8,8,36,42,0
2,1,85.0,3,1,63,34,0
1,1,23.0,2,0,119,35,0
1,1,23.0,2,0,120,35,0
1,1,23.0,2,0,121,35,0
1,1,97.0,2,0,58,26,1
20,2,153.0,22,18,14,11,1
5,0,4.0,5,5,29,27,0
4,0,3.0,4,4,122,35,0
10,0,9.0,10,10,71,36,0
7,0,4.0,7,7,0,3,1
1,0,125.0,1,1,12,33,1
10,4,320.0,14,6,48,60,1
12,0,10.0,12,12,0,2,0
1,1,10.0,2,0,1,2,1
10,1,725.0,11,9,276,136,1
24,1,114.0,25,23,3,12,1
1,1,1262.0,2,0,29,48,0
2,2,129.0,4,0,10,4,0
5,2,99.0,7,3,36,15,0
1,1,381.0,2,0,215,89,1
8,8,684.0,16,0,277,136,0
17,0,1276.0,17,17,30,48,0
12,0,114.0,12,12,17,10,0
7,0,321.0,7,7,49,60,0
7,0,688.0,7,7,278,136,0
1,1,179.0,2,0,24,7,1
2,2,49.0,4,0,72,36,1
1,1,99.0,2,0,37,15,1
2,2,98.0,4,0,35,22,1
103,44,219.0,147,59,41,30,0
6,0,1282.0,6,6,31,48,0
1,1,227.0,2,0,18,6,1
1,1,99.0,2,0,38,15,1
2,2,688.0,4,0,279,136,1
1,1,688.0,2,0,280,136,1
1,1,98.0,2,0,36,22,1
1,1,1276.0,2,0,32,48,1
2,0,740.0,2,2,37,42,1
2,1,688.0,3,1,281,136,0
4,0,323.0,4,4,50,60,1
0,1,322.0,1,-1,51,60,0
17,0,137.0,17,17,13,33,0
3,1,324.0,4,2,52,60,1
1,1,137.0,2,0,14,33,1
3,0,687.0,3,3,282,136,0
20,0,1277.0,20,20,33,48,0
1,0,50.0,1,1,73,36,1
11,0,750.0,11,11,38,42,1
5,1,385.0,6,4,216,89,1
1,4,1274.0,5,-3,34,48,0
1,1,385.0,2,0,217,89,1
5,4,751.0,9,1,39,42,1
0,1,49.0,1,-1,74,36,0
4,2,387.0,6,2,218,89,0
17,0,1288.0,17,17,35,48,0
3,0,691.0,3,3,283,136,0
1,1,23.0,2,0,123,35,0
1,1,23.0,2,0,124,35,0
0,17,1276.0,17,-17,36,48,0
0,3,688.0,3,-3,284,136,0
19,15,50.0,34,4,4,6,0
3,0,2.0,3,3,0,1,0
2,2,15.0,4,0,75,36,0
52,0,35.0,52,52,0,4,0
15,40,51.0,55,-25,19,7,0
30,19,57.0,49,11,5,6,1
11,0,15.0,11,11,76,36,1
12,0,35.0,12,12,1,4,1
12,0,2.0,12,12,1,1,1
4,5,98.0,9,-1,37,22,0
21,7,694.0,28,14,285,136,1
19,0,1302.0,19,19,37,48,1
16,7,394.0,23,9,219,89,0
12,7,393.0,19,5,220,89,0
16,9,756.0,25,7,40,42,0
8,13,752.0,21,-5,41,42,0
4,7,391.0,11,-3,221,89,0
1,1,752.0,2,0,42,42,0
1,1,739.0,2,0,43,42,0
1,1,694.0,2,0,286,136,1
17,0,80.0,17,17,64,34,0
30,0,1417.0,30,30,38,48,0
1,0,766.0,1,1,287,136,0
17,0,1315.0,17,17,39,48,1
49,42,1349.0,91,7,40,48,0
5,6,695.0,11,-1,288,136,0
22,22,42.0,44,0,30,27,0
25,0,170.0,25,25,9,14,1
1,1,695.0,2,0,289,136,1
11,5,783.0,16,6,44,42,0
2,2,182.0,4,0,59,43,0
14,10,109.0,24,4,38,22,0
96,47,1379.0,143,49,41,48,1
107,63,718.0,170,44,290,136,1
38,32,718.0,70,6,291,136,0
47,27,365.0,74,20,53,60,0
54,27,183.0,81,27,15,33,0
8,0,106.0,8,8,39,15,0
0,1,108.0,1,-1,39,22,0
36,0,1407.0,36,36,42,48,1
10,8,402.0,18,2,222,89,1
56,27,181.0,83,29,42,30,1
14,8,403.0,22,6,223,89,1
12,13,783.0,25,-1,45,42,1
14,8,382.0,22,6,224,89,1
12,13,739.0,25,-1,46,42,1
1,1,23.0,2,0,125,35,0
1,1,23.0,2,0,126,35,0
37,38,200.0,75,-1,43,30,0
5,0,203.0,5,5,44,30,0
22,18,1438.0,40,4,43,48,0
27,0,495.0,27,27,10,17,1
34,0,212.0,34,34,16,33,0
15,0,377.0,15,15,54,60,0
42,0,504.0,42,42,11,17,0
19,0,536.0,19,19,12,17,0
14,12,379.0,26,2,55,60,0
19,9,387.0,28,10,56,60,1
62,0,582.0,62,62,13,17,0
56,24,138.0,80,32,4,12,1
13,20,717.0,33,-7,292,136,1
56,24,138.0,80,32,5,12,1
13,20,717.0,33,-7,293,136,1
2,2,387.0,4,0,57,60,0
50,0,824.0,50,50,47,42,1
9,3,588.0,12,6,14,17,0
1,1,718.0,2,0,294,136,1
3,7,46.0,10,-4,6,6,1
15,29,811.0,44,-14,48,42,0
0,2,718.0,2,-2,295,136,1
14,20,809.0,34,-6,49,42,1
1,1,809.0,2,0,50,42,0
10,9,87.0,19,1,9,8,1
5,7,98.0,12,-2,3,5,1
10,12,127.0,22,-2,11,4,1
0,2,717.0,2,-2,296,136,0
4,0,44.0,4,4,31,27,0
37,0,173.0,37,37,8,8,0
1,1,46.0,2,0,7,6,1
23,7,398.0,30,16,58,60,0
2,0,54.0,2,2,15,16,0
41,21,230.0,62,20,17,33,0
24,20,163.0,44,4,9,8,1
7,15,134.0,22,-8,6,12,1
126,84,302.0,210,42,15,14,1
29,22,161.0,51,7,10,14,1
49,47,193.0,96,2,13,14,1
292,323,724.0,615,-31,51,42,1
3,4,61.0,7,-1,10,7,1
45,7,110.0,52,38,10,8,1
51,45,114.0,96,6,12,11,1
4,9,20.0,13,-5,8,5,1
162,118,547.0,280,44,15,17,1
207,280,1355.0,487,-73,44,48,1
1,1,49.0,2,0,77,36,0
22,4,1322.0,26,18,45,48,0
14,1,210.0,15,13,45,30,0
40,40,161.0,80,0,11,14,0
11,13,395.0,24,-2,59,60,0
27,0,564.0,27,27,16,17,0
10,18,541.0,28,-8,17,17,1
3,3,161.0,6,0,12,14,0
24,8,246.0,32,16,18,33,0
15,0,8.0,15,15,2,4,0
45,7,433.0,52,38,60,60,0
24,17,436.0,41,7,61,60,0
1,1,49.0,2,0,78,36,1
4,4,302.0,8,0,16,14,0
38,46,186.0,84,-8,14,14,0
8,4,149.0,12,4,15,8,0
8,20,712.0,28,-12,52,42,0
0,2,18.0,2,-2,9,5,0
22,0,230.0,22,22,19,33,0
8,0,558.0,8,8,18,17,0
129,186,1307.0,315,-57,46,48,0
16,22,157.0,38,-6,10,8,0
1,3,59.0,4,-2,11,7,0
14,0,411.0,14,14,225,89,1
9,20,204.0,29,-11,46,30,1
60,59,436.0,119,1,62,60,0
6,0,252.0,6,6,20,33,0
3,10,93.0,13,-7,40,15,0
4,4,436.0,8,0,63,60,0
2,2,35.0,4,0,3,4,0
1,1,179.0,2,0,25,7,0
2,2,3.0,4,0,127,35,0
1,1,35.0,2,0,4,4,0
5,2,438.0,7,3,64,60,0
11,2,60.0,13,9,79,36,1
1,0,61.0,1,1,80,36,0
2,2,717.0,4,0,297,136,0
2,2,204.0,4,0,47,30,0
2,2,86.0,4,0,58,25,0
0,14,403.0,14,-14,226,89,0
1,2,203.0,3,-1,48,30,0
11,10,1322.0,21,1,47,48,0
4,3,87.0,7,1,59,25,0
4,2,170.0,6,2,60,29,0
29,1,730.0,30,28,298,136,0
2,0,714.0,2,2,53,42,1
27,4,738.0,31,23,299,136,1
2,2,738.0,4,0,300,136,1
6,1,1325.0,7,5,48,48,1
1,1,738.0,2,0,301,136,1
25,30,746.0,55,-5,302,136,1
7,0,1329.0,7,7,49,48,1
2,11,108.0,13,-9,128,35,0
188,0,125.0,188,188,0,4,0
8,129,154.0,137,-121,49,30,0
133,68,132.0,201,65,1,4,0
19,16,132.0,35,3,2,4,0
49,8,132.0,57,41,3,4,0
5,6,85.0,11,-1,65,34,0
65,0,49.0,65,65,0,5,0
22,25,1333.0,47,-3,50,48,0
12,10,85.0,22,2,66,34,0
14,0,724.0,14,14,54,42,0
11,8,173.0,19,3,61,29,0
7,5,96.0,12,2,60,25,0
1,1,220.0,2,0,15,14,0
65,60,82.0,125,5,67,34,0
10,10,437.0,20,0,65,60,0
9,9,319.0,18,0,66,60,0
1,1,437.0,2,0,67,60,0
1,1,61.0,2,0,81,36,0
33,0,1356.0,33,33,51,48,0
11,15,744.0,26,-4,303,136,1
15,0,747.0,15,15,304,136,0
15,0,185.0,15,15,60,43,0
26,13,410.0,39,13,227,89,0
1,1,747.0,2,0,305,136,0
26,7,751.0,33,19,306,136,0
15,8,186.0,23,7,61,43,0
2,3,749.0,5,-1,307,136,0
3,1,110.0,4,2,129,35,0
10,0,732.0,10,10,55,42,1
50,9,758.0,59,41,308,136,0
7,1,437.0,8,6,68,60,0
7,7,313.0,14,0,17,14,1
7,8,731.0,15,-1,56,42,0
8,7,732.0,15,1,57,42,0
7,1,738.0,8,6,58,42,0
7,14,731.0,21,-7,59,42,0
23,2,741.0,25,21,60,42,0
21,1,267.0,22,20,21,33,1
1,0,1.0,1,1,0,2,1
20,9,449.0,29,11,69,60,1
6,0,5.0,6,6,0,2,1
21,9,456.0,30,12,70,60,0
10,8,269.0,18,2,22,33,0
0,9,757.0,9,-9,309,136,0
0,12,747.0,12,-12,310,136,0
1,16,736.0,17,-15,311,136,1
0,13,1347.0,13,-13,52,48,0
30,18,746.0,48,12,312,136,0
19,19,406.0,38,0,228,89,0
0,17,73.0,17,-17,68,34,0
0,13,10.0,13,-13,10,5,0
1,1,61.0,2,0,82,36,0
0,8,69.0,8,-8,69,34,0
4,3,457.0,7,1,71,60,1
0,6,217.0,6,-6,16,14,0
0,2,312.0,2,-2,18,14,0
1,4,147.0,5,-3,16,8,0
2,22,1332.0,24,-20,53,48,0
2,2,746.0,4,0,313,136,0
1,1,179.0,2,0,26,7,0
1,1,35.0,2,0,5,4,0
7,6,153.0,13,1,15,11,0
1,6,106.0,7,-5,11,8,0
0,1,1331.0,1,-1,54,48,0
4,2,746.0,6,2,314,136,0
52,1,150.0,53,51,13,11,0
2,2,746.0,4,0,315,136,0
6,14,144.0,20,-8,14,11,0
31,9,115.0,40,22,61,25,0
18,0,230.0,18,18,17,14,0
3,0,2.0,3,3,130,35,0
98,72,276.0,170,26,23,33,0
3,0,2.0,3,3,103,10,0
4,4,8.0,8,0,6,4,0
50,79,428.0,129,-29,72,60,0
6,2,317.0,8,4,24,33,1
4,0,10.0,4,4,7,4,1
71,56,461.0,127,15,73,60,1
27,15,751.0,42,12,316,136,0
86,15,455.0,101,71,74,60,0
2,0,63.0,2,2,83,36,0
65,8,315.0,73,57,25,33,0
2,2,115.0,4,0,62,25,0
50,75,29.0,125,-25,11,10,0
28,5,1347.0,33,23,55,48,0
8,96,670.0,104,-88,61,42,0
91,0,64.0,91,91,0,3,0
4,8,15.0,12,-4,7,4,0
10,14,308.0,24,-4,19,14,0
0,1,235.0,1,-1,18,14,0
21,35,738.0,56,-14,317,136,0
6,4,117.0,10,2,63,25,0
8,0,236.0,8,8,19,14,0
2,1,94.0,3,1,41,15,1
2,2,63.0,4,0,84,36,0
1,1,106.0,2,0,12,8,1
2,0,188.0,2,2,62,43,0
9,0,565.0,9,9,19,17,0
1,1,406.0,2,0,229,89,1
4,0,69.0,4,4,70,34,1
22,20,461.0,42,2,75,60,0
1,1,461.0,2,0,76,60,1
20,1,753.0,21,19,62,42,1
2,1,383.0,3,1,230,89,1
10,0,469.0,10,10,77,60,1
7,0,322.0,7,7,26,33,1
1,1,461.0,2,0,78,60,0
3,1,471.0,4,2,79,60,1
4,0,691.0,4,4,63,42,1
6,0,68.0,6,6,1,3,1
2,1,69.0,3,1,2,3,0
5,5,69.0,10,0,3,3,1
1,1,110.0,2,0,131,35,0
37,26,155.0,63,11,50,30,0
10,1,1356.0,11,9,56,48,0
3,1,99.0,4,2,59,26,0
8,16,53.0,24,-8,8,6,1
10,2,413.0,12,8,231,89,0
2,11,407.0,13,-9,232,89,0
1,5,114.0,6,-4,64,25,0
0,2,61.0,2,-2,85,36,0
18,11,465.0,29,7,80,60,0
14,3,701.0,17,11,64,42,0
12,2,415.0,14,10,233,89,0
41,32,748.0,73,9,318,136,0
36,34,467.0,70,2,81,60,0
22,5,754.0,27,17,319,136,0
39,3,127.0,42,36,13,8,0
4,15,310.0,19,-11,27,33,0
23,20,752.0,43,3,320,136,0
13,8,409.0,21,5,234,89,0
3,3,467.0,6,0,82,60,0
93,6,528.0,99,87,83,60,0
63,2,346.0,65,61,28,33,0
1,0,753.0,1,1,321,136,0
10,1,159.0,11,9,51,30,0
38,0,1386.0,38,38,57,48,0
8,17,1378.0,25,-9,58,48,0
3,3,159.0,6,0,52,30,0
1,1,94.0,2,0,12,9,1
27,10,475.0,37,17,84,60,0
15,14,62.0,29,1,86,36,0
7,12,406.0,19,-5,235,89,0
9,55,60.0,64,-46,87,36,0
50,32,111.0,82,18,13,9,0
1,2,153.0,3,-1,16,11,0
2,1,44.0,3,1,32,27,0
3,2,69.0,5,1,71,34,0
3,0,62.0,3,3,88,36,0
2,1,127.0,3,1,14,8,0
1,1,144.0,2,0,15,11,0
1,1,1378.0,2,0,59,48,0
1,1,565.0,2,0,20,17,0
5,6,351.0,11,-1,29,33,0
1,1,701.0,2,0,65,42,0
1,1,161.0,2,0,13,14,0
9,0,49.0,9,9,1,5,0
9,0,69.0,9,9,4,3,0
1,1,59.0,2,0,12,7,0
2,1,84.0,3,1,54,21,0
1,1,147.0,2,0,17,8,0
1,1,15.0,2,0,8,4,0
1,1,308.0,2,0,20,14,0
2,1,235.0,3,1,20,14,0
8,0,134.0,8,8,7,12,0
1,1,157.0,2,0,11,8,0
2,1,96.0,3,1,3,6,0
2,1,31.0,3,1,28,13,0
1,1,114.0,2,0,65,25,0
9,0,29.0,9,9,12,10,0
16,0,104.0,16,16,42,15,0
9,0,7.0,9,9,3,4,0
5,3,16.0,8,2,1,2,0
1,1,51.0,2,0,20,7,0
1,1,35.0,2,0,8,4,0
1,1,15.0,2,0,89,36,0
1,1,53.0,2,0,9,6,0
2,1,12.0,3,1,5,5,0
2,1,159.0,3,1,53,30,0
2,1,98.0,3,1,4,5,0
10,1,10.0,11,9,2,2,0
9,0,3.0,9,9,132,35,0
10,1,4.0,11,9,33,27,0
1,1,179.0,2,0,27,7,0
1,2,3.0,3,-1,4,5,0
1,1,23.0,2,0,133,35,0
8,0,110.0,8,8,134,35,0
1,1,406.0,2,0,236,89,0
1,1,38.0,2,0,11,9,0
2,1,114.0,3,1,18,10,0
3,0,132.0,3,3,4,4,0
1,1,99.0,2,0,60,26,0
2,1,542.0,3,1,85,60,0
2,1,188.0,3,1,63,43,0
2,1,753.0,3,1,322,136,0
2,1,54.0,3,1,16,16,0
1,1,173.0,2,0,62,29,0
108,0,71.0,108,108,0,3,0
119,0,78.0,119,119,0,2,0
54,0,28.0,54,54,0,2,0
23,0,20.0,23,23,90,36,0
92,0,68.0,92,92,0,2,0
66,0,44.0,66,66,0,3,0
28,0,19.0,28,28,0,3,0
12,0,7.0,12,12,0,2,0
48,0,26.0,48,48,135,35,0
64,0,39.0,64,64,15,8,0
35,4,128.0,39,31,43,15,0
2,0,190.0,2,2,64,43,1
2,2,753.0,4,0,323,136,1
6,2,271.0,8,4,21,14,0
29,4,1399.0,33,25,60,48,0
15,1,764.0,16,14,324,136,0
36,0,126.0,36,36,66,25,0
25,0,759.0,25,25,325,136,0
47,2,267.0,49,45,22,14,0
15,13,1398.0,28,2,61,48,0
28,22,765.0,50,6,326,136,0
14,1,574.0,15,13,21,17,0
3,3,190.0,6,0,65,43,0
1,1,144.0,2,0,16,11,0
1,1,127.0,2,0,16,8,0
12,6,76.0,18,6,72,34,0
15,0,714.0,15,15,66,42,0
5,0,547.0,5,5,86,60,0
43,1,173.0,44,42,63,29,0
2,2,38.0,4,0,12,9,0
105,58,765.0,163,47,327,136,0
20,1,126.0,21,19,67,25,0
19,11,724.0,30,8,67,42,0
48,2,136.0,50,46,136,35,0
48,1,124.0,49,47,40,22,0
3,10,81.0,13,-7,73,34,0
16,12,758.0,28,4,68,42,0
11,13,75.0,24,-2,74,34,0
6,0,26.0,6,6,91,36,0
1,1,71.0,2,0,1,3,0
28,0,22.0,28,28,0,2,0
15,0,10.0,15,15,17,8,0
16,0,11.0,16,16,34,27,0
5,0,3.0,5,5,137,35,0
30,0,27.0,30,30,92,36,0
114,245,116.0,359,-131,44,15,0
109,281,129.0,390,-172,45,15,0
1,1,547.0,2,0,87,60,0
1,1,406.0,2,0,237,89,0
7,0,69.0,7,7,93,36,0
6,3,550.0,9,3,88,60,0
8,8,124.0,16,0,46,15,0
1,1,23.0,2,0,138,35,0
1,1,766.0,2,0,328,136,0
6,4,550.0,10,2,89,60,0
4,4,132.0,8,0,5,4,1
16,0,59.0,16,16,2,5,1
1,1,132.0,2,0,6,4,1
5,0,74.0,5,5,94,36,0
1,0,130.0,1,1,47,15,0
1,0,125.0,1,1,48,15,0
1,1,130.0,2,0,49,15,0
1,1,125.0,2,0,50,15,0
7,5,75.0,12,2,95,36,0
50,32,111.0,82,18,14,9,0
1,1,23.0,2,0,139,35,0
1,1,23.0,2,0,140,35,0
2,2,75.0,4,0,96,36,0
1,1,23.0,2,0,141,35,0
1,1,23.0,2,0,142,35,0
1,1,23.0,2,0,143,35,0
1,1,23.0,2,0,144,35,0
1,0,76.0,1,1,97,36,0
1,0,76.0,1,1,98,36,0
1,1,76.0,2,0,99,36,0
1,0,131.0,1,1,51,15,1
1,0,131.0,1,1,52,15,1
1,0,126.0,1,1,53,15,1
4,1,552.0,5,3,90,60,0
1,1,190.0,2,0,66,43,1
3,0,576.0,3,3,22,17,1
0,1,75.0,1,-1,100,36,0
1,1,766.0,2,0,329,136,1
3,5,190.0,8,-2,67,43,1
13,8,581.0,21,5,23,17,1
8,2,771.0,10,6,330,136,1
19,6,1430.0,25,13,62,48,1
3,7,550.0,10,-4,91,60,0
15,0,411.0,15,15,238,89,0
8,0,357.0,8,8,30,33,0
1,1,190.0,2,0,68,43,1
1,1,23.0,2,0,145,35,0
1,1,23.0,2,0,146,35,0
6,4,773.0,10,2,331,136,0
1,1,23.0,2,0,147,35,0
1,1,23.0,2,0,148,35,0
2,2,75.0,4,0,101,36,1
4,1,193.0,5,3,69,43,1
1,0,582.0,1,1,24,17,1
3,3,193.0,6,0,70,43,0
5,0,587.0,5,5,25,17,0
4,0,553.0,4,4,92,60,0
1,1,23.0,2,0,149,35,0
1,1,23.0,2,0,150,35,0
22,0,372.0,22,22,31,33,1
14,9,557.0,23,5,93,60,1
21,0,239.0,21,21,71,43,0
44,1,442.0,45,43,32,33,0
9,0,455.0,9,9,239,89,0
3,7,825.0,10,-4,332,136,0
2,2,553.0,4,0,94,60,0
2,2,357.0,4,0,33,33,0
15,8,731.0,23,7,69,42,0
6,2,411.0,8,4,240,89,0
2,0,145.0,2,2,17,11,0
1,1,145.0,2,0,18,11,1
16,0,369.0,16,16,34,33,0
3,1,559.0,4,2,95,60,0
1,1,553.0,2,0,96,60,1
1,1,557.0,2,0,97,60,0
0,4,21.0,4,-4,151,35,0
2,2,557.0,4,0,98,60,0
4,0,99.0,4,4,61,26,0
6,1,573.0,7,5,99,60,1
1,0,132.0,1,1,54,15,1
1,6,127.0,7,-5,55,15,0
11,78,82.0,89,-67,56,15,0
48,47,81.0,95,1,57,15,0
1,2,773.0,3,-1,333,136,1
2,1,822.0,3,1,334,136,1
10,7,1427.0,17,3,63,48,1
2,0,732.0,2,2,70,42,1
3,0,413.0,3,3,241,89,1
4,1,412.0,5,3,35,33,1
12,2,568.0,14,10,100,60,1
1,1,773.0,2,0,335,136,1
9,1,422.0,10,8,242,89,0
18,0,771.0,18,18,71,42,0
3,2,558.0,5,1,101,60,0
1,1,557.0,2,0,102,60,1
16,3,383.0,19,13,36,33,1
5,0,138.0,5,5,8,12,1
8,1,777.0,9,7,336,136,1
4,0,165.0,4,4,14,14,1
12,6,174.0,18,6,64,29,1
23,0,179.0,23,23,15,14,1
7,2,179.0,9,5,65,29,1
35,4,193.0,39,31,16,14,0
3,3,557.0,6,0,103,60,0
1,0,77.0,1,1,102,36,0
1,1,557.0,2,0,104,60,0
2,2,159.0,4,0,54,30,1
2,0,56.0,2,2,17,16,1
9,8,774.0,17,1,337,136,0
36,0,755.0,36,36,72,42,0
9,0,59.0,9,9,18,16,0
10,1,415.0,11,9,243,89,0
11,10,774.0,21,1,338,136,1
1,1,1430.0,2,0,64,48,1
49,120,79.0,169,-71,58,15,1
10,5,564.0,15,5,105,60,0
6,5,385.0,11,1,37,33,0
4,2,422.0,6,2,244,89,0
0,4,767.0,4,-4,73,42,0
13,3,777.0,16,10,339,136,0
4,5,138.0,9,-1,9,12,0
7,1,822.0,8,6,340,136,0
6,6,63.0,12,0,19,16,0
1,1,413.0,2,0,245,89,1
38,0,25.0,38,38,0,2,0
0,1,309.0,1,-1,23,14,0
0,20,1423.0,20,-20,65,48,0
3,3,184.0,6,0,66,29,0
6,0,825.0,6,6,341,136,0
10,2,1433.0,12,8,66,48,0
14,0,1443.0,14,14,67,48,1
2,1,456.0,3,1,246,89,1
1,1,77.0,2,0,103,36,1
11,6,127.0,17,5,68,25,1
15,0,297.0,15,15,24,14,1
0,1,192.0,1,-1,72,43,0
2,2,564.0,4,0,106,60,1
2,0,455.0,2,2,247,89,0
25,0,852.0,25,25,74,42,0
4,0,48.0,4,4,35,27,1
19,2,167.0,21,17,12,8,1
5,43,809.0,48,-38,75,42,0
1,1,71.0,2,0,104,36,0
4,86,46.0,90,-82,75,34,0
1,1,821.0,2,0,342,136,0
1,1,227.0,2,0,73,43,0
11,0,1416.0,11,11,68,48,0
68,66,154.0,134,2,17,11,0
412,356,831.0,768,56,76,42,0
67,59,97.0,126,8,4,6,0
21,18,62.0,39,3,3,5,0
16,18,67.0,34,-2,5,3,0
16,17,58.0,33,-1,13,7,0
4,4,15.0,8,0,9,4,0
52,48,151.0,100,4,18,8,0
162,154,314.0,316,8,21,14,0
112,112,271.0,224,0,25,14,0
43,49,133.0,92,-6,10,12,0
70,72,155.0,142,-2,13,8,0
182,167,411.0,349,15,38,33,0
63,56,199.0,119,7,17,14,0
322,314,588.0,636,8,26,17,0
7,7,38.0,14,0,13,9,0
1,1,2.0,2,0,152,35,0
57,49,144.0,106,8,153,35,0
160,129,453.0,289,31,248,89,0
6,6,11.0,12,0,36,27,0
66,51,127.0,117,15,19,10,0
28,23,180.0,51,5,67,29,0
16,17,98.0,33,-1,62,26,0
180,159,577.0,339,21,107,60,0
113,54,228.0,167,59,74,43,0
245,183,823.0,428,62,343,136,0
10,6,63.0,16,4,20,16,0
2,1,3.0,3,1,5,5,0
8,6,26.0,14,2,154,35,0
39,12,48.0,51,27,155,35,0
3,3,7.0,6,0,1,2,0
5,5,19.0,10,0,1,3,0
25,35,58.0,60,-10,1,2,0
26,25,45.0,51,1,1,3,0
6,10,35.0,16,-4,18,8,0
10,17,19.0,27,-7,105,36,0
7,8,27.0,15,-1,1,2,0
38,38,78.0,76,0,1,2,0
10,18,19.0,28,-8,106,36,0
1,1,10.0,2,0,19,8,0
14,14,22.0,28,0,1,2,0
697,715,1408.0,1412,-18,69,48,0
19,13,138.0,32,6,7,4,0
43,34,79.0,77,9,2,3,0
41,41,125.0,82,0,69,25,0
1,1,3.0,2,0,344,136,0
5,5,8.0,10,0,156,35,0
11,7,14.0,18,4,157,35,0
2,1,7.0,3,1,158,35,0
43,43,145.0,86,0,19,11,0
33,27,132.0,60,6,20,8,0
53,59,71.0,112,-6,107,36,0
36,38,109.0,74,-2,15,9,0
11,9,81.0,20,2,76,34,0
2,2,4.0,4,0,1,3,0
2,0,5.0,2,2,1,2,0
5,5,29.0,10,0,13,10,0
8,6,45.0,14,2,37,27,0
1,1,4.0,2,0,1,3,0
14,12,85.0,26,2,55,21,0
25,15,36.0,40,10,29,13,0
40,38,159.0,78,2,55,30,0
3,3,10.0,6,0,9,4,0
1,17,566.0,18,-16,108,60,1
1,1,823.0,2,0,345,136,0
9,0,1424.0,9,9,70,48,0
15,5,152.0,20,10,159,35,0
1,1,173.0,2,0,68,29,1
62,32,138.0,94,30,160,35,0
3,7,123.0,10,-4,70,25,0
27,0,290.0,27,27,26,14,0
1,1,23.0,2,0,161,35,0
4,4,453.0,8,0,249,89,0
8,18,841.0,26,-10,77,42,0
2,0,83.0,2,2,59,15,1
22,10,821.0,32,12,346,136,0
8,9,34.0,17,-1,30,13,0
1,0,72.0,1,1,108,36,0
25,6,585.0,31,19,109,60,0
3,6,823.0,9,-3,347,136,0
1,1,239.0,2,0,75,43,0
13,10,454.0,23,3,250,89,0
2,2,1443.0,4,0,71,48,0
5,3,587.0,8,2,110,60,1
13,9,1445.0,22,4,72,48,1
1,1,442.0,2,0,39,33,1
0,1,809.0,1,-1,78,42,1
4,4,199.0,8,0,18,14,1
66,36,150.0,102,30,71,25,1
2,2,831.0,4,0,348,136,1
24,3,310.0,27,21,27,14,1
1,1,454.0,2,0,251,89,1
2,0,585.0,2,2,111,60,0
7,3,1446.0,10,4,73,48,1
10,2,831.0,12,8,349,136,1
5,9,450.0,14,-4,252,89,0
4,5,180.0,9,-1,69,29,0
21,24,821.0,45,-3,350,136,0
12,1,596.0,13,11,112,60,0
6,0,451.0,6,6,40,33,0
3,0,241.0,3,3,76,43,1
9,0,447.0,9,9,41,33,1
2,0,63.0,2,2,21,16,1
0,5,308.0,5,-5,28,14,0
9,9,147.0,18,0,72,25,0
3,3,147.0,6,0,73,25,1
3,3,133.0,6,0,11,12,1
3,3,308.0,6,0,29,14,1
5,5,314.0,10,0,22,14,1
1,2,198.0,3,-1,19,14,1
1,1,58.0,2,0,14,7,1
11,11,810.0,22,0,79,42,1
1,1,97.0,2,0,5,6,1
25,32,147.0,57,-7,18,11,1
1,1,62.0,2,0,4,5,1
1,1,588.0,2,0,27,17,1
2,2,829.0,4,0,351,136,1
1,1,451.0,2,0,42,33,1
7,7,596.0,14,0,113,60,1
2,2,450.0,4,0,253,89,1
1,1,85.0,2,0,56,21,1
2,2,63.0,4,0,22,16,1
2,1,46.0,3,1,77,34,1
1,1,109.0,2,0,16,9,1
1,1,1.0,2,0,1,2,1
15,12,1446.0,27,3,74,48,1
1,1,147.0,2,0,74,25,1
3,0,454.0,3,3,254,89,0
4,2,74.0,6,2,109,36,0
3,4,588.0,7,-1,28,17,0
3,2,1448.0,5,1,75,48,0
2,1,5.0,3,1,2,3,0
2,1,5.0,3,1,2,3,0
2,1,15.0,3,1,162,35,0
2,1,4.0,3,1,352,136,0
2,1,9.0,3,1,163,35,0
0,1,145.0,1,-1,20,11,0
15,17,451.0,32,-2,43,33,0
2,1,11.0,3,1,10,4,0
3,3,147.0,6,0,19,11,0
0,2,15.0,2,-2,10,4,0
1,1,97.0,2,0,6,6,0
3,2,69.0,5,1,6,3,0
0,1,58.0,1,-1,15,7,0
0,1,198.0,1,-1,20,14,0
0,1,151.0,1,-1,19,8,0
0,1,132.0,1,-1,21,8,0
3,3,314.0,6,0,23,14,0
4,3,310.0,7,1,30,14,0
4,1,136.0,5,3,12,12,0
0,2,166.0,2,-2,14,8,0
9,5,815.0,14,4,80,42,0
4,4,47.0,8,0,78,34,0
2,2,63.0,4,0,5,5,0
5,5,146.0,10,0,75,25,0
0,1,22.0,1,-1,2,2,0
2,1,20.0,3,1,110,36,0
1,2,48.0,3,-1,38,27,0
7,1,84.0,8,6,2,2,0
2,1,28.0,3,1,2,2,0
3,1,36.0,4,2,22,8,0
3,1,46.0,4,2,2,3,0
1,0,58.0,1,1,2,2,0
10,11,78.0,21,-1,3,3,0
4,2,111.0,6,2,17,9,0
41,54,44.0,95,-13,164,35,0
0,1,63.0,1,-1,23,16,0
3,1,13.0,4,2,39,27,0
1,0,19.0,1,1,2,3,0
2,1,242.0,3,1,77,43,0
6,5,161.0,11,1,56,30,0
50,43,837.0,93,7,353,136,0
1,2,34.0,3,-1,31,13,0
8,5,89.0,13,3,57,21,0
0,1,29.0,1,-1,14,10,0
8,7,155.0,15,1,165,35,0
8,5,142.0,13,3,8,4,0
3,2,39.0,5,1,14,9,0
2,2,128.0,4,0,20,10,0
6,4,183.0,10,2,70,29,0
4,3,99.0,7,1,63,26,0
13,7,602.0,20,6,114,60,0
21,13,459.0,34,8,255,89,0
1,1,97.0,2,0,7,6,1
1,1,314.0,2,0,24,14,1
3,3,147.0,6,0,20,11,1
1,1,602.0,2,0,115,60,1
2,2,146.0,4,0,76,25,1
2,4,457.0,6,-2,256,89,1
4,3,184.0,7,1,71,29,1
1,1,837.0,2,0,354,136,1
1,1,84.0,2,0,3,2,1
1,1,1448.0,2,0,76,48,1
18,0,192.0,18,18,78,43,0
0,7,122.0,7,-7,23,8,1
2,7,155.0,9,-5,21,14,1
1,1,732.0,2,0,81,42,1
31,45,1416.0,76,-14,77,48,1
5,1,777.0,6,4,355,136,0
42,22,192.0,64,20,79,43,0
5,3,777.0,8,2,356,136,0
5,5,184.0,10,0,72,29,0
14,12,27.0,26,2,1,2,0
3,0,311.0,3,3,31,14,0
95,2,195.0,97,93,13,12,1
40,9,839.0,49,31,357,136,1
1,1,839.0,2,0,358,136,1
2,2,1416.0,4,0,78,48,0
2,2,587.0,4,0,29,17,0
2,2,144.0,4,0,21,11,0
2,2,385.0,4,0,44,33,0
2,2,153.0,4,0,21,11,0
2,2,732.0,4,0,82,42,0
2,2,96.0,4,0,8,6,0
2,2,59.0,4,0,6,5,0
2,2,308.0,4,0,25,14,0
2,2,59.0,4,0,16,7,0
2,2,155.0,4,0,22,14,0
2,2,147.0,4,0,20,8,0
2,2,15.0,4,0,11,4,0
2,2,122.0,4,0,24,8,0
2,2,138.0,4,0,14,12,0
2,2,157.0,4,0,15,8,0
2,2,69.0,4,0,7,3,0
2,2,80.0,4,0,79,34,0
2,2,290.0,4,0,32,14,0
2,2,123.0,4,0,77,25,0
2,2,44.0,4,0,40,27,0
2,2,3.0,4,0,6,5,0
2,2,56.0,4,0,24,16,0
2,2,777.0,4,0,359,136,0
2,2,192.0,4,0,80,43,0
2,2,564.0,4,0,116,60,0
2,2,99.0,4,0,64,26,0
2,2,173.0,4,0,73,29,0
2,2,23.0,4,0,166,35,0
2,2,38.0,4,0,15,9,0
2,2,413.0,4,0,257,89,0
2,2,138.0,4,0,167,35,0
2,2,132.0,4,0,9,4,0
2,2,29.0,4,0,15,10,0
2,2,159.0,4,0,57,30,0
2,2,31.0,4,0,32,13,0
2,2,114.0,4,0,21,10,0
2,2,84.0,4,0,58,21,0
57,62,72.0,119,-5,111,36,0
10,19,72.0,29,-9,60,15,0
5,5,777.0,10,0,360,136,1
1,1,23.0,2,0,168,35,1
1,1,413.0,2,0,258,89,0
2,0,733.0,2,2,83,42,0
1,1,564.0,2,0,117,60,0
1,1,19.0,2,0,3,3,1
46,15,430.0,61,31,259,89,1
6,6,1416.0,12,0,79,48,1
2,2,733.0,4,0,84,42,1
6,0,4.0,6,6,0,1,0
3,1,316.0,4,2,26,14,0
16,12,839.0,28,4,361,136,0
5,2,29.0,7,3,16,10,0
2,2,69.0,4,0,8,3,0
9,0,75.0,9,9,9,3,0
30,1,47.0,31,29,17,10,0
1,1,564.0,2,0,118,60,0
1,1,23.0,2,0,169,35,0
1,0,73.0,1,1,112,36,0
1,1,44.0,2,0,170,35,0
2,1,45.0,3,1,171,35,0
30,0,83.0,30,30,25,16,0
12,0,8.0,12,12,11,5,0
1,1,45.0,2,0,172,35,0
1,1,73.0,2,0,113,36,0
1,1,45.0,2,0,173,35,0
2,1,603.0,3,1,119,60,0
1,1,45.0,2,0,174,35,0
2,1,603.0,3,1,120,60,0
1,12,829.0,13,-11,362,136,0
3,1,73.0,4,2,61,15,1
0,1,73.0,1,-1,62,15,1
1,1,47.0,2,0,18,10,1
1,1,184.0,2,0,74,29,1
11,5,162.0,16,6,58,30,0
53,0,228.0,53,53,23,14,0
48,122,73.0,170,-74,63,15,0
33,8,108.0,41,25,65,26,0
7,6,148.0,13,1,22,11,0
35,28,108.0,63,7,66,26,0
3,0,76.0,3,3,114,36,0
8,2,821.0,10,6,85,42,0
1,1,108.0,2,0,67,26,0
1,1,20.0,2,0,115,36,0
1,1,73.0,2,0,64,15,0
1,1,316.0,2,0,27,14,0
1,1,128.0,2,0,22,10,0
5,4,603.0,9,1,121,60,0
1,1,603.0,2,0,122,60,0
49,56,817.0,105,-7,86,42,0
50,38,476.0,88,12,260,89,0
1,6,829.0,7,-5,363,136,0
1,1,1425.0,2,0,80,48,1
1,1,184.0,2,0,75,29,1
11,0,1431.0,11,11,81,48,0
1,1,475.0,2,0,261,89,0
1,1,45.0,2,0,175,35,0
4,4,451.0,8,0,45,33,0
5,3,605.0,8,2,123,60,0
1,0,98.0,1,1,9,6,0
1,1,49.0,2,0,116,36,0
1,1,23.0,2,0,176,35,0
1,1,23.0,2,0,177,35,0
2,2,829.0,4,0,364,136,0
1,0,1425.0,1,1,82,48,0
1,1,73.0,2,0,117,36,0
3,1,477.0,4,2,262,89,0
18,11,835.0,29,7,365,136,0
1,1,108.0,2,0,68,26,0
3,3,839.0,6,0,366,136,0
13,12,840.0,25,1,367,136,0
5,5,146.0,10,0,78,25,0
1,1,45.0,2,0,178,35,0
2,2,478.0,4,0,263,89,0
5,7,836.0,12,-2,368,136,0
1,10,67.0,11,-9,118,36,0
1,1,45.0,2,0,179,35,0
3,1,100.0,4,2,10,6,0
0,10,303.0,10,-10,33,14,0
0,18,136.0,18,-18,79,25,0
0,29,29.0,29,-29,19,10,0
0,9,69.0,9,-9,10,3,0
0,65,810.0,65,-65,369,136,0
0,30,63.0,30,-30,26,16,0
0,1,44.0,1,-1,180,35,0
0,24,98.0,24,-24,69,26,0
1,2,1431.0,3,-1,83,48,0
1,2,302.0,3,-1,34,14,0
2,1,15.0,3,1,12,4,0
1,1,69.0,2,0,11,3,0
0,17,88.0,17,-17,11,6,0
7,17,807.0,24,-10,87,42,0
0,3,145.0,3,-3,23,11,0
1,2,587.0,3,-1,30,17,0
1,2,47.0,3,-1,41,27,0
5,13,598.0,18,-8,124,60,0
2,4,140.0,6,-2,10,4,0
5,7,152.0,12,-2,181,35,0
7,21,468.0,28,-14,264,89,0
2,5,125.0,7,-3,23,10,0
0,8,178.0,8,-8,76,29,0
2,5,96.0,7,-3,70,26,0
29,41,802.0,70,-12,370,136,0
2,2,162.0,4,0,59,30,0
2,4,301.0,6,-2,35,14,0
0,8,228.0,8,-8,24,14,0
5,6,58.0,11,-1,17,7,0
3,8,447.0,11,-5,46,33,0
0,3,805.0,3,-3,88,42,0
22,30,464.0,52,-8,265,89,0
1,13,172.0,14,-12,77,29,0
2,6,594.0,8,-4,125,60,0
2,11,1425.0,13,-9,84,48,0
2,3,47.0,5,-1,80,34,0
3,4,126.0,7,-1,25,8,0
2,3,145.0,5,-1,22,11,0
0,3,2.0,3,-3,371,136,0
0,3,9.0,3,-3,11,4,0
0,3,3.0,3,-3,3,3,0
1,1,27.0,2,0,2,2,0
0,1,587.0,1,-1,31,17,0
1,4,446.0,5,-3,47,33,0
4,5,149.0,9,-1,24,11,0
23,24,805.0,47,-1,89,42,0
24,25,1425.0,49,-1,85,48,0
1,2,63.0,3,-1,7,5,0
0,1,69.0,1,-1,12,3,0
1,2,58.0,3,-1,18,7,0
4,5,228.0,9,-1,25,14,0
0,1,151.0,1,-1,21,8,0
0,1,15.0,1,-1,13,4,0
3,4,316.0,7,-1,28,14,0
4,5,301.0,9,-1,36,14,0
1,2,195.0,3,-1,15,12,0
0,1,166.0,1,-1,16,8,0
2,3,47.0,5,-1,42,27,0
0,1,88.0,1,-1,12,6,0
6,7,136.0,13,-1,80,25,0
0,3,3.0,3,-3,3,3,0
2,3,34.0,5,-1,33,13,0
4,6,71.0,10,-2,65,15,0
1,1,3.0,2,0,182,35,0
1,1,13.0,2,0,43,27,0
1,3,19.0,4,-2,119,36,0
1,1,78.0,2,0,4,3,0
1,1,84.0,2,0,4,2,0
1,1,36.0,2,0,26,8,0
2,3,66.0,5,-1,120,36,0
0,1,44.0,1,-1,183,35,0
0,1,3.0,1,-1,7,5,0
6,7,802.0,13,-1,372,136,0
1,1,19.0,2,0,4,3,0
13,20,589.0,33,-7,126,60,0
3,4,242.0,7,-1,81,43,0
0,3,28.0,3,-3,20,10,0
4,5,140.0,9,-1,11,4,0
4,5,152.0,9,-1,184,35,0
4,6,463.0,10,-2,266,89,0
5,6,162.0,11,-1,60,30,0
0,1,39.0,1,-1,16,9,0
3,4,125.0,7,-1,24,10,0
8,10,171.0,18,-2,78,29,0
4,5,96.0,9,-1,71,26,0
0,1,89.0,1,-1,59,21,0
11,14,114.0,25,-3,27,8,0
3,3,195.0,6,0,16,12,0
2,2,301.0,4,0,37,14,0
4,4,316.0,8,0,29,14,0
2,2,228.0,4,0,26,14,0
8,6,806.0,14,2,90,42,0
5,7,143.0,12,-2,25,11,0
6,6,446.0,12,0,48,33,0
1,1,587.0,2,0,32,17,0
4,4,1425.0,8,0,86,48,0
2,2,47.0,4,0,44,27,0
1,1,152.0,2,0,185,35,0
7,7,162.0,14,0,61,30,0
4,5,135.0,9,-1,81,25,0
27,25,804.0,52,2,373,136,0
34,40,583.0,74,-6,127,60,0
8,8,96.0,16,0,72,26,0
1,1,242.0,2,0,82,43,0
35,35,125.0,70,0,25,10,0
24,34,453.0,58,-10,267,89,0
1,1,140.0,2,0,12,4,0
4,6,169.0,10,-2,79,29,0
0,7,63.0,7,-7,8,5,0
0,9,1425.0,9,-9,87,48,0
0,9,587.0,9,-9,33,17,0
0,7,446.0,7,-7,49,33,0
0,7,143.0,7,-7,26,11,0
0,9,806.0,9,-9,91,42,0
0,7,88.0,7,-7,13,6,0
0,7,69.0,7,-7,13,3,0
0,9,316.0,9,-9,30,14,0
0,9,228.0,9,-9,27,14,0
0,9,151.0,9,-9,22,8,0
0,10,15.0,10,-10,14,4,0
0,9,301.0,9,-9,38,14,0
0,7,195.0,7,-7,17,12,0
0,9,166.0,9,-9,17,8,0
0,9,145.0,9,-9,23,11,0
0,9,58.0,9,-9,19,7,0
0,9,47.0,9,-9,81,34,0
0,7,114.0,7,-7,28,8,0
0,12,44.0,12,-12,186,35,0
0,9,47.0,9,-9,45,27,0
2,13,2.0,15,-11,8,5,0
0,9,804.0,9,-9,374,136,0
0,10,242.0,10,-10,83,43,0
0,9,583.0,9,-9,128,60,0
0,9,169.0,9,-9,80,29,0
0,9,125.0,9,-9,26,10,0
0,10,39.0,10,-10,17,9,0
0,9,96.0,9,-9,73,26,0
0,7,152.0,7,-7,187,35,0
13,13,140.0,26,0,13,4,0
0,7,28.0,7,-7,21,10,0
0,9,162.0,9,-9,62,30,0
0,10,34.0,10,-10,34,13,0
0,9,89.0,9,-9,60,21,0
0,10,135.0,10,-10,82,25,0
0,9,453.0,9,-9,268,89,0
1,1,135.0,2,0,83,25,0
2,2,804.0,4,0,375,136,0
1,1,242.0,2,0,84,43,0
1,3,583.0,4,-2,129,60,0
5,5,453.0,10,0,269,89,0
3,2,152.0,5,1,188,35,0
2,2,44.0,4,0,189,35,0
1,19,2.0,20,-18,121,36,0
1,41,26.0,42,-40,122,36,0
1,1,450.0,2,0,50,33,0
0,7,608.0,7,-7,130,60,0
20,69,121.0,89,-49,190,35,0
0,21,786.0,21,-21,92,42,0
54,48,130.0,102,6,191,35,0
0,1,785.0,1,-1,93,42,0
119,102,130.0,221,17,192,35,0
4,4,140.0,8,0,14,4,0
15,8,592.0,23,7,131,60,0
0,4,7.0,4,-4,12,4,0
24,19,450.0,43,5,51,33,0
63,37,610.0,100,26,132,60,0
0,1,450.0,1,-1,52,33,0
3,1,806.0,4,2,376,136,1
8,0,201.0,8,8,18,12,1
1,1,453.0,2,0,270,89,1
10,0,1432.0,10,10,88,48,1
1,1,477.0,2,0,271,89,0
10,0,1438.0,10,10,89,48,0
1,12,15.0,13,-11,123,36,0
20,5,288.0,25,15,0,18,0
41,0,274.0,41,41,272,89,0
33,0,24.0,33,33,0,4,0
3,3,701.0,6,0,377,136,0
4,1,14.0,5,3,124,36,0
2,1,453.0,3,1,273,89,1
1,1,806.0,2,0,378,136,0
6,3,1435.0,9,3,90,48,0
14,353,710.0,367,-339,379,136,0
43,134,208.0,177,-91,85,43,0
0,8,450.0,8,-8,274,89,0
411,0,139.0,411,411,1,18,0
0,3,785.0,3,-3,94,42,0
0,10,450.0,10,-10,53,33,0
25,10,462.0,35,15,54,33,1
9,3,116.0,12,6,29,8,1
22,24,608.0,46,-2,133,60,1
1,1,71.0,2,0,66,15,1
1,1,608.0,2,0,134,60,0
1,1,208.0,2,0,86,43,1
1,1,608.0,2,0,135,60,1
5,1,712.0,6,4,380,136,0
24,0,1453.0,24,24,91,48,0
1,1,208.0,2,0,87,43,0
15,15,789.0,30,0,95,42,0
1,0,72.0,1,1,67,15,1
22,0,15.0,22,22,0,2,0
3,3,169.0,6,0,81,29,0
1,1,450.0,2,0,275,89,0
1,1,47.0,2,0,82,34,1
402,0,308.0,402,402,0,3,0
0,380,485.0,380,-380,96,42,0
10,0,315.0,10,10,1,3,0
1,2,139.0,3,-1,2,18,0
2,1,1454.0,3,1,92,48,0
2,4,208.0,6,-2,88,43,0
35,27,141.0,62,8,84,25,0
2,2,315.0,4,0,2,3,0
13,0,1465.0,13,13,93,48,0
5,3,164.0,8,2,63,30,0
18,322,220.0,340,-304,97,42,0
1,1,587.0,2,0,34,17,0
187,288,378.0,475,-101,276,89,0
14,10,712.0,24,4,381,136,0
0,8,53.0,8,-8,20,7,0
2,0,1467.0,2,2,94,48,0
1,1,155.0,2,0,193,35,1
3,3,130.0,6,0,194,35,1
11,15,44.0,26,-4,83,34,0
1,1,712.0,2,0,382,136,0
1,1,44.0,2,0,84,34,0
1,1,141.0,2,0,85,25,0
21,3,391.0,24,18,277,89,0
4,11,709.0,15,-7,383,136,1
1,4,708.0,5,-3,384,136,1
1,1,2.0,2,0,9,5,0
3,3,608.0,6,0,136,60,0
1,1,708.0,2,0,385,136,0
1,1,708.0,2,0,386,136,0
10,16,125.0,26,-6,195,35,0
10,17,306.0,27,-7,3,3,0
0,54,18.0,54,-54,21,7,0
9,0,31.0,9,9,1,4,1
6,0,279.0,6,6,278,89,1
17,0,1478.0,17,17,95,48,0
41,0,153.0,41,41,3,18,0
6,6,708.0,12,0,387,136,0
16,14,155.0,30,2,4,18,0
1,1,208.0,2,0,89,43,0
5,6,706.0,11,-1,388,136,0
5,3,74.0,8,2,68,15,0
0,6,11.0,6,-6,125,36,0
31,43,707.0,74,-12,389,136,0
48,13,254.0,61,35,90,43,0
49,0,624.0,49,49,35,17,0
2,1,64.0,3,1,9,5,0
1,4,122.0,5,-3,196,35,0
9,12,304.0,21,-3,4,3,0
0,303,252.0,303,-303,279,89,0
343,46,283.0,389,297,5,18,0
1,4,704.0,5,-3,390,136,0
201,81,284.0,282,120,6,18,0
4,19,205.0,23,-15,91,43,0
3,69,701.0,72,-66,391,136,0
0,6,701.0,6,-6,392,136,1
3,2,463.0,5,1,55,33,0
5,2,608.0,7,3,137,60,0
2,11,281.0,13,-9,7,18,1
44,49,204.0,93,-5,92,43,0
101,6,101.0,107,95,2,4,1
1,0,279.0,1,1,280,89,1
51,13,230.0,64,38,93,43,1
1,13,283.0,14,-12,8,18,1
15,0,707.0,15,15,393,136,1
2,0,102.0,2,2,3,4,0
5,4,707.0,9,1,394,136,0
2,2,230.0,4,0,94,43,0
5,4,279.0,9,1,281,89,0
16,1,717.0,17,15,395,136,1
18,0,618.0,18,18,138,60,0
3,2,619.0,5,1,139,60,0
9,8,280.0,17,1,282,89,0
13,12,123.0,25,1,197,35,0
1,1,283.0,2,0,9,18,0
19,20,278.0,39,-1,283,89,0
1,2,163.0,3,-1,64,30,0
10,0,284.0,10,10,284,89,0
0,7,281.0,7,-7,285,89,0
2,0,709.0,2,2,396,136,1
1,0,282.0,1,1,286,89,1
2,1,103.0,3,1,4,4,1
4,4,14.0,8,0,126,36,0
1,1,44.0,2,0,198,35,0
20,9,53.0,29,11,85,34,0
16,11,51.0,27,5,46,27,0
46,0,35.0,46,46,0,12,0
38,19,159.0,57,19,86,25,0
28,11,104.0,39,17,61,21,0
44,26,180.0,70,18,65,30,0
112,63,330.0,175,49,10,18,0
9,5,31.0,14,4,22,10,0
42,36,146.0,78,6,15,4,0
7,5,35.0,12,2,35,13,0
45,29,297.0,74,16,287,89,0
10,4,45.0,14,6,18,9,0
4,3,126.0,7,1,27,10,0
49,31,186.0,80,18,82,29,0
28,26,98.0,54,2,74,26,0
10,7,622.0,17,3,140,60,0
93,45,300.0,138,48,95,43,0
181,111,777.0,292,70,397,136,0
37,20,137.0,57,17,199,35,0
51,0,322.0,51,51,288,89,0
1,49,308.0,50,-48,11,18,0
10,0,471.0,10,10,56,33,0
1,1,14.0,2,0,127,36,0
7,0,629.0,7,7,141,60,0
4,29,312.0,33,-25,289,89,0
14,16,775.0,30,-2,398,136,0
8,32,286.0,40,-24,96,43,0
9,10,307.0,19,-1,290,89,0
5,8,306.0,13,-3,12,18,0
2,2,103.0,4,0,5,4,0
2,2,103.0,4,0,6,4,1
32,2,790.0,34,30,399,136,1
0,24,294.0,24,-24,291,89,1
1,1,44.0,2,0,200,35,0
1,0,75.0,1,1,69,15,0
3,3,14.0,6,0,128,36,0
1,1,44.0,2,0,201,35,0
1,1,790.0,2,0,400,136,0
1,1,137.0,2,0,202,35,0
8,5,107.0,13,3,62,21,0
1,1,44.0,2,0,203,35,0
1,1,44.0,2,0,204,35,0
1,1,14.0,2,0,129,36,0
1,1,75.0,2,0,70,15,0
15,1,304.0,16,14,292,89,0
1,1,306.0,2,0,13,18,0
29,21,312.0,50,8,293,89,0
41,41,44.0,82,0,205,35,0
33,0,602.0,33,33,36,17,1
10,6,288.0,16,4,97,43,1
5,3,47.0,8,2,19,9,1
20,2,198.0,22,18,83,29,0
2,1,54.0,3,1,86,34,1
2,1,181.0,3,1,66,30,1
2,1,791.0,3,1,401,136,1
10,6,286.0,16,4,98,43,0
3,3,1478.0,6,0,96,48,0
12,76,577.0,88,-64,37,17,0
4,4,76.0,8,0,130,36,0
1,1,45.0,2,0,206,35,0
1,1,45.0,2,0,207,35,0
1,1,45.0,2,0,208,35,0
1,1,477.0,2,0,294,89,0
0,1,1437.0,1,-1,97,48,0
1,1,45.0,2,0,209,35,0
15,10,16.0,25,5,1,2,0
5,3,29.0,8,2,3,2,0
5,3,198.0,8,2,84,29,0
10,1,299.0,11,9,99,43,1
1,1,306.0,2,0,14,18,1
2,0,290.0,2,2,100,43,1
14,0,611.0,14,14,38,17,1
16,27,459.0,43,-11,57,33,0
4,2,307.0,6,2,15,18,0
9,3,797.0,12,6,402,136,0
9,3,305.0,12,6,101,43,0
1,1,307.0,2,0,16,18,0
1,1,35.0,2,0,1,12,0
3,1,307.0,4,2,102,43,1
25,41,603.0,66,-16,39,17,1
16,0,63.0,16,16,87,34,1
20,20,308.0,40,0,103,43,1
15,14,795.0,29,1,403,136,1
2,1,309.0,3,1,104,43,1
13,0,611.0,13,13,40,17,1
6,7,794.0,13,-1,404,136,0
11,0,319.0,11,11,295,89,0
38,22,60.0,60,16,88,34,0
6,0,794.0,6,6,405,136,0
17,0,309.0,17,17,105,43,0
25,0,108.0,25,25,75,26,0
24,12,317.0,36,12,106,43,0
8,4,613.0,12,4,41,17,0
3,3,75.0,6,0,71,15,0
2,0,319.0,2,2,107,43,1
6,0,617.0,6,6,42,17,1
3,1,320.0,4,2,108,43,1
22,0,633.0,22,22,43,17,1
4,2,321.0,6,2,296,89,0
1,1,44.0,2,0,210,35,0
1,1,44.0,2,0,211,35,0
1,1,35.0,2,0,2,12,0
5,2,797.0,7,3,406,136,1
3,2,321.0,5,1,109,43,1
2,1,36.0,3,1,3,12,1
3,2,52.0,5,1,47,27,0
24,1,119.0,25,23,7,4,0
3,3,36.0,6,0,4,12,1
10,1,41.0,11,9,5,12,1
4,2,323.0,6,2,110,43,1
19,8,318.0,27,11,17,18,1
4,2,799.0,6,2,407,136,1
1,1,797.0,2,0,408,136,1
4,4,119.0,8,0,8,4,1
5,3,324.0,8,2,111,43,1
10,0,641.0,10,10,44,17,1
13,13,77.0,26,0,5,3,0
1,1,799.0,2,0,409,136,0
2,1,325.0,3,1,112,43,0
3,3,318.0,6,0,18,18,0
6,0,308.0,6,6,5,3,0
8,1,138.0,9,7,212,35,0
5,0,462.0,5,5,58,33,1
9,8,629.0,17,1,142,60,1
9,0,475.0,9,9,59,33,0
15,12,630.0,27,3,143,60,0
21,1,617.0,22,20,144,60,0
1,1,799.0,2,0,410,136,1
1,1,46.0,2,0,3,3,1
5,1,108.0,6,4,76,26,0
17,4,468.0,21,13,60,33,1
80,0,701.0,80,80,45,17,1
22,26,795.0,48,-4,411,136,1
4,4,318.0,8,0,19,18,1
2,1,799.0,3,1,412,136,1
2,2,799.0,4,0,413,136,1
1,1,318.0,2,0,20,18,1
3,2,126.0,5,1,28,10,1
14,14,629.0,28,0,145,60,1
1,1,35.0,2,0,36,13,1
52,51,783.0,103,1,414,136,0
1,1,44.0,2,0,213,35,0
3,1,476.0,4,2,61,33,0
2,0,478.0,2,2,62,33,0
1,8,37.0,9,-7,6,12,1
1,1,198.0,2,0,85,29,0
5,4,630.0,9,1,146,60,1
20,8,181.0,28,12,67,30,1
0,2,1475.0,2,-2,98,48,0
0,11,110.0,11,-11,9,4,0
1,6,135.0,7,-5,214,35,0
0,8,777.0,8,-8,415,136,0
13,57,597.0,70,-44,147,60,0
16,44,458.0,60,-28,63,33,0
3,26,98.0,29,-23,77,26,0
1,60,88.0,61,-59,215,35,0
4,4,300.0,8,0,297,89,0
0,1,43.0,1,-1,216,35,0
0,24,309.0,24,-24,298,89,0
0,22,300.0,22,-22,299,89,0
6,16,316.0,22,-10,113,43,0
2,2,701.0,4,0,46,17,0
30,12,174.0,42,18,87,25,0
20,2,214.0,22,18,86,29,0
9,1,205.0,10,8,87,29,1
9,3,139.0,12,6,217,35,0
1,1,321.0,2,0,300,89,0
8,7,203.0,15,1,88,29,1
5,24,157.0,29,-19,88,25,0
1,0,15.0,1,1,131,36,0
12,6,597.0,18,6,148,60,0
2,1,108.0,3,1,63,21,0
10,3,1484.0,13,7,99,48,1
6,1,232.0,7,5,28,14,1
31,30,159.0,61,1,89,25,0
2,2,22.0,4,0,3,2,0
2,2,13.0,4,0,48,27,0
1,1,44.0,2,0,218,35,0
2,1,778.0,3,1,416,136,1
8,0,620.0,8,8,149,60,0
13,8,323.0,21,5,21,18,0
24,0,163.0,24,24,27,11,1
46,0,116.0,46,46,78,26,1
7,2,186.0,9,5,68,30,1
1,3,776.0,4,-2,417,136,1
7,3,36.0,10,4,7,12,1
1,3,314.0,4,-2,114,43,1
7,18,312.0,25,-11,22,18,1
1,1,300.0,2,0,301,89,0
5,3,38.0,8,2,8,12,0
9,5,780.0,14,4,418,136,0
8,2,225.0,10,6,89,29,0
4,1,162.0,5,3,90,25,0
14,5,781.0,19,9,419,136,1
15,17,124.0,32,-2,29,10,1
15,13,1482.0,28,2,100,48,1
9,5,126.0,14,4,30,10,1
1,1,60.0,2,0,89,34,1
7,5,62.0,12,2,90,34,1
55,29,129.0,84,26,79,26,1
43,17,181.0,60,26,28,11,1
2,0,63.0,2,2,91,34,0
7,1,21.0,8,6,22,7,0
2,2,46.0,4,0,4,3,0
2,2,58.0,4,0,3,2,0
18,6,191.0,24,12,29,11,0
0,7,124.0,7,-7,80,26,1
1,1,43.0,2,0,219,35,0
1,1,63.0,2,0,92,34,1
1,1,43.0,2,0,220,35,0
1,1,43.0,2,0,221,35,0
1,1,15.0,2,0,132,36,0
1,1,43.0,2,0,222,35,0
0,10,450.0,10,-10,64,33,0
5,1,93.0,6,4,223,35,1
4,1,623.0,5,3,150,60,0
5,0,452.0,5,5,65,33,0
1,1,43.0,2,0,224,35,0
4,2,191.0,6,2,30,11,0
1,1,145.0,2,0,24,11,0
17,16,1481.0,33,1,101,48,0
3,3,452.0,6,0,66,33,0
1,1,43.0,2,0,225,35,0
23,20,315.0,43,3,23,18,1
0,7,1477.0,7,-7,102,48,1
16,10,203.0,26,6,19,12,1
1,1,63.0,2,0,93,34,0
1,1,315.0,2,0,24,18,0
1,1,162.0,2,0,91,25,0
1,1,108.0,2,0,64,21,0
1,1,186.0,2,0,69,30,0
1,1,38.0,2,0,9,12,0
1,1,300.0,2,0,302,89,0
1,1,31.0,2,0,23,10,0
1,1,781.0,2,0,420,136,0
1,1,93.0,2,0,226,35,0
1,1,225.0,2,0,90,29,0
1,1,314.0,2,0,115,43,0
1,1,47.0,2,0,20,9,0
8,1,628.0,9,7,151,60,1
1,1,43.0,2,0,227,35,0
30,0,789.0,30,30,421,136,0
27,0,316.0,27,27,303,89,0
30,0,249.0,30,30,98,42,0
11,0,784.0,11,11,422,136,0
24,0,308.0,24,24,304,89,0
16,0,230.0,16,16,99,42,0
1,1,43.0,2,0,228,35,0
3,1,317.0,4,2,25,18,0
4,4,313.0,8,0,116,43,0
53,0,35.0,53,53,0,5,0
45,0,824.0,45,45,423,136,0
1,37,288.0,38,-36,305,89,0
5,2,789.0,7,3,424,136,0
4,2,316.0,6,2,306,89,0
8,4,250.0,12,4,100,42,1
132,39,846.0,171,93,425,136,1
49,113,276.0,162,-64,307,89,1
3,2,845.0,5,1,426,136,0
7,2,39.0,9,5,10,12,0
8,15,313.0,23,-7,26,18,0
34,13,335.0,47,21,117,43,0
11,2,854.0,13,9,427,136,0
42,52,1468.0,94,-10,103,48,0
22,31,624.0,53,-9,152,60,0
15,4,459.0,19,11,67,33,0
1,1,43.0,2,0,229,35,0
4,4,52.0,8,0,49,27,0
23,31,306.0,54,-8,118,43,0
3,3,225.0,6,0,91,29,0
21,28,305.0,49,-7,27,18,0
26,30,777.0,56,-4,428,136,0
19,0,102.0,19,19,14,6,0
26,11,329.0,37,15,28,18,0
4,0,194.0,4,4,31,11,0
11,14,34.0,25,-3,11,12,0
28,19,40.0,47,9,1,5,0
1,1,306.0,2,0,119,43,0
21,9,317.0,30,12,29,18,0
2,2,777.0,4,0,429,136,0
1,1,305.0,2,0,30,18,0
4,2,308.0,6,2,120,43,1
1,0,35.0,1,1,12,12,1
2,2,317.0,4,0,31,18,1
33,0,21.0,33,33,0,1,1
14,4,336.0,18,10,32,18,1
0,3,99.0,3,-3,15,6,1
0,12,91.0,12,-12,16,6,0
28,17,854.0,45,11,430,136,0
13,0,337.0,13,13,121,43,0
6,4,111.0,10,2,10,4,0
11,7,1470.0,18,4,104,48,0
5,3,702.0,8,2,47,17,0
41,13,60.0,54,28,50,27,0
18,0,178.0,18,18,18,8,0
56,44,60.0,100,12,51,27,0
19,29,59.0,48,-10,52,27,0
9,0,322.0,9,9,31,14,0
56,2,134.0,58,54,65,21,0
2,0,45.0,2,2,230,35,0
26,0,57.0,26,26,2,5,0
5,0,1475.0,5,5,105,48,0
3,1,37.0,4,2,13,12,0
12,1,863.0,13,11,431,136,0
2,1,300.0,3,1,308,89,0
12,4,862.0,16,8,432,136,0
5,10,624.0,15,-5,153,60,0
0,15,113.0,15,-15,31,10,0
20,10,632.0,30,10,154,60,0
13,0,468.0,13,13,68,33,0
2,1,187.0,3,1,70,30,0
3,2,1471.0,5,1,106,48,0
3,3,276.0,6,0,309,89,1
188,51,712.0,239,137,155,60,1
1,0,117.0,1,1,30,8,0
25,4,482.0,29,21,69,33,0
29,6,718.0,35,23,156,60,0
0,2,26.0,2,-2,3,2,0
33,42,46.0,75,-9,21,9,0
2,58,1437.0,60,-56,107,48,1
6,28,283.0,34,-22,39,14,1
11,15,147.0,26,-4,23,8,1
0,7,337.0,7,-7,33,18,1
24,19,164.0,43,5,92,25,1
7,16,859.0,23,-9,433,136,1
19,50,218.0,69,-31,92,29,1
2,5,480.0,7,-3,70,33,0
5,0,719.0,5,5,157,60,0
2,2,863.0,4,0,434,136,0
0,26,196.0,26,-26,93,29,0
6,64,222.0,70,-58,310,89,0
8,0,1443.0,8,8,108,48,0
7,3,859.0,10,4,435,136,0
1,1,37.0,2,0,14,12,0
16,17,458.0,33,-1,71,33,0
6,4,861.0,10,2,436,136,0
7,1,43.0,8,6,15,12,0
11,1,63.0,12,10,3,5,0
26,2,63.0,28,24,231,35,0
4,4,164.0,8,0,93,25,0
74,17,89.0,91,57,22,9,0
33,48,193.0,81,-15,94,29,0
3,4,112.0,7,-1,32,10,0
8,8,222.0,16,0,311,89,0
2,1,17.0,3,1,2,2,0
1,1,164.0,2,0,94,25,0
10,9,119.0,19,1,31,8,0
10,8,146.0,18,2,25,11,0
18,30,1437.0,48,-12,109,48,0
3,2,233.0,5,1,29,14,0
21,29,131.0,50,-8,66,21,0
19,21,191.0,40,-2,95,29,0
2,1,284.0,3,1,40,14,0
15,13,873.0,28,2,437,136,0
3,5,717.0,8,-2,158,60,0
1,0,93.0,1,1,232,35,0
38,22,353.0,60,16,122,43,0
35,33,339.0,68,2,34,18,0
24,13,871.0,37,11,438,136,0
1,1,59.0,2,0,53,27,0
5,0,66.0,5,5,4,5,0
20,7,56.0,27,13,16,12,0
38,0,23.0,38,38,0,2,0
22,21,873.0,43,1,439,136,0
8,10,191.0,18,-2,96,29,0
21,24,339.0,45,-3,35,18,0
4,5,164.0,9,-1,95,25,0
1,1,15.0,2,0,133,36,0
4,4,164.0,8,0,96,25,0
2,2,284.0,4,0,41,14,0
2,2,131.0,4,0,67,21,0
2,2,222.0,4,0,312,89,0
5,5,89.0,10,0,23,9,0
7,7,191.0,14,0,97,29,0
3,3,873.0,6,0,440,136,0
1,1,284.0,2,0,42,14,0
17,60,277.0,77,-43,6,3,0
11,22,1430.0,33,-11,110,48,0
8,4,337.0,12,4,36,18,0
2,3,163.0,5,-1,97,25,0
200,162,114.0,362,38,233,35,0
1,0,192.0,1,1,98,29,0
8,2,353.0,10,6,123,43,0
50,12,875.0,62,38,441,136,0
310,0,146.0,310,310,0,2,0
12,0,116.0,12,12,68,21,1
1,1,43.0,2,0,234,35,0
2,1,56.0,3,1,17,12,0
11,0,72.0,11,11,5,5,0
1,1,15.0,2,0,134,36,0
1,1,75.0,2,0,72,15,0
2,2,192.0,4,0,99,29,1
1,1,63.0,2,0,235,35,0
1,1,875.0,2,0,442,136,1
20,86,667.0,106,-66,159,60,1
0,22,467.0,22,-22,72,33,1
0,4,665.0,4,-4,160,60,0
47,26,898.0,73,21,443,136,0
16,46,646.0,62,-30,161,60,0
25,6,237.0,31,19,313,89,0
0,15,236.0,15,-15,101,42,0
0,2,320.0,2,-2,32,14,0
0,9,187.0,9,-9,32,11,0
137,34,980.0,171,103,444,136,0
6,2,340.0,8,4,37,18,0
1,1,237.0,2,0,314,89,0
2,5,187.0,7,-3,71,30,0
1,1,63.0,2,0,236,35,0
6,6,146.0,12,0,1,2,0
3,2,341.0,5,1,38,18,0
80,18,1027.0,98,62,445,136,0
71,12,398.0,83,59,124,43,0
1,1,63.0,2,0,237,35,0
1,1,63.0,2,0,238,35,0
1,1,1027.0,2,0,446,136,1
1,1,646.0,2,0,162,60,0
1,1,15.0,2,0,135,36,0
0,7,640.0,7,-7,163,60,0
1,1,63.0,2,0,239,35,0
2,2,89.0,4,0,24,9,1
3,2,124.0,5,1,81,26,1
8,1,647.0,9,7,164,60,1
1,1,63.0,2,0,240,35,0
4,8,641.0,12,-4,165,60,1
1,1,63.0,2,0,241,35,0
1,1,1027.0,2,0,447,136,1
4,1,1027.0,5,3,448,136,0
4,1,1027.0,5,3,449,136,0
47,0,733.0,47,47,48,17,1
9,0,405.0,9,9,125,43,1
2,2,23.0,4,0,1,2,0
4,4,398.0,8,0,126,43,0
1,1,163.0,2,0,98,25,0
3,3,237.0,6,0,315,89,0
1,1,192.0,2,0,100,29,0
1,1,63.0,2,0,94,34,0
2,2,1027.0,4,0,450,136,0
1,1,1027.0,2,0,451,136,0
1,1,398.0,2,0,127,43,0
1,1,341.0,2,0,39,18,0
7,2,407.0,9,5,128,43,1
4,2,735.0,6,2,49,17,1
2,2,59.0,4,0,54,27,0
2,2,1430.0,4,0,111,48,0
3,3,146.0,6,0,26,11,0
1,1,3.0,2,0,242,35,0
2,2,7.0,4,0,243,35,0
2,2,1430.0,4,0,112,48,1
3,3,146.0,6,0,27,11,1
1,1,3.0,2,0,244,35,0
2,2,7.0,4,0,245,35,0
0,1,233.0,1,-1,30,14,1
4,0,3.0,4,4,0,1,0
39,0,31.0,39,39,246,35,0
23,0,15.0,23,23,0,1,0
38,0,28.0,38,38,55,27,0
39,1,341.0,40,38,40,18,0
38,32,398.0,70,6,129,43,0
2,2,131.0,4,0,69,21,0
1,1,63.0,2,0,247,35,0
2,2,1027.0,4,0,452,136,0
8,3,125.0,11,5,82,26,0
11,2,195.0,13,9,33,11,0
0,9,104.0,9,-9,11,4,0
8,14,230.0,22,-6,102,42,0
2,8,731.0,10,-6,50,17,0
0,39,1402.0,39,-39,113,48,0
0,1,118.0,1,-1,32,8,0
4,102,343.0,106,-98,130,43,0
5,99,71.0,104,-94,2,2,0
24,196,28.0,220,-172,248,35,0
1,34,218.0,35,-33,316,89,0
8,21,79.0,29,-13,25,9,0
4,336,830.0,340,-332,453,136,0
0,15,338.0,15,-15,41,18,0
2,2,63.0,4,0,249,35,0
24,3,81.0,27,21,250,35,0
9,8,1403.0,17,1,114,48,0
1,1,64.0,2,0,10,5,0
3,2,321.0,5,1,33,14,0
10,2,834.0,12,8,454,136,0
0,1,1402.0,1,-1,115,48,0
6,13,337.0,19,-7,131,43,1
4,4,834.0,8,0,455,136,0
12,0,225.0,12,12,317,89,0
2,2,338.0,4,0,42,18,0
3,0,339.0,3,3,132,43,0
5,0,734.0,5,5,51,17,0
3,2,1028.0,5,1,456,136,0
2,2,163.0,4,0,99,25,0
1,1,63.0,2,0,95,34,0
12,4,139.0,16,8,70,21,0
3,1,233.0,4,2,318,89,0
2,2,192.0,4,0,101,29,0
7,5,837.0,12,2,457,136,0
2,2,283.0,4,0,43,14,0
37,33,166.0,70,4,100,25,0
10,6,1430.0,16,4,116,48,0
0,19,263.0,19,-19,7,3,0
2,60,1362.0,62,-58,117,48,0
7,54,159.0,61,-47,72,30,0
10,0,231.0,10,10,319,89,0
0,6,278.0,6,-6,44,14,0
18,41,25.0,59,-23,37,13,0
11,1,89.0,12,10,251,35,0
0,11,139.0,11,-11,24,8,0
39,26,650.0,65,13,166,60,0
28,23,476.0,51,5,73,33,0
3,1,32.0,4,2,24,10,0
5,3,60.0,8,2,56,27,0
2,0,57.0,2,2,18,12,0
14,12,167.0,26,2,101,25,0
17,17,138.0,34,0,71,21,0
17,23,152.0,40,-6,73,30,0
38,36,339.0,74,2,43,18,0
10,8,147.0,18,2,16,4,0
11,9,64.0,20,2,96,34,0
29,31,230.0,60,-2,320,89,0
54,56,834.0,110,-2,458,136,0
29,27,340.0,56,2,133,43,0
1,1,650.0,2,0,167,60,0
2,2,71.0,4,0,3,2,0
23,21,193.0,44,2,102,29,0
2,0,113.0,2,2,33,10,0
11,9,80.0,20,2,26,9,0
8,6,126.0,14,2,83,26,0
0,2,73.0,2,-2,73,15,0
2,17,823.0,19,-15,459,136,0
1,2,229.0,3,-1,321,89,0
1,2,151.0,3,-1,74,30,0
1,3,71.0,4,-2,6,5,0
2,2,73.0,4,0,74,15,0
1,1,63.0,2,0,252,35,0
1,1,823.0,2,0,460,136,0
1,1,89.0,2,0,253,35,0
1,1,89.0,2,0,254,35,1
1,1,89.0,2,0,255,35,0
1,1,89.0,2,0,256,35,0
6,4,153.0,10,2,75,30,0
23,0,1380.0,23,23,118,48,0
23,0,1448.0,23,23,119,48,0
6,4,189.0,10,2,76,30,0
1,1,89.0,2,0,257,35,0
1,1,823.0,2,0,461,136,1
7,17,160.0,24,-10,102,25,0
1,1,89.0,2,0,258,35,0
1,1,63.0,2,0,259,35,0
14,3,174.0,17,11,103,25,0
1,1,63.0,2,0,260,35,0
1,1,339.0,2,0,44,18,0
0,37,99.0,37,-37,33,8,0
0,18,77.0,18,-18,17,6,0
4,12,191.0,16,-8,34,11,0
2,2,230.0,4,0,103,42,0
13,14,98.0,27,-1,34,8,0
40,36,80.0,76,4,18,6,0
5,3,128.0,8,2,84,26,0
3,2,230.0,5,1,322,89,0
2,2,339.0,4,0,45,18,0
1,1,89.0,2,0,261,35,0
10,3,236.0,13,7,323,89,1
28,78,314.0,106,-50,46,18,1
4,3,139.0,7,1,72,21,0
4,75,291.0,79,-71,47,18,0
6,6,340.0,12,0,134,43,0
30,1260,318.0,1290,-1230,462,136,0
2,2,32.0,4,0,25,10,0
2,2,71.0,4,0,4,2,0
3,3,113.0,6,0,34,10,0
1478,0,579.0,1478,1478,463,136,0
2,2,40.0,4,0,262,35,0
91,0,29.0,91,91,135,43,0
31,31,340.0,62,0,136,43,0
4,1,60.0,5,3,19,12,0
1,1,579.0,2,0,464,136,0
1,1,60.0,2,0,20,12,0
1,1,650.0,2,0,168,60,0
4,1,63.0,5,3,21,12,1
4,4,1380.0,8,0,120,48,1
4,4,1380.0,8,0,121,48,1
1,1,89.0,2,0,263,35,0
1,79,192.0,80,-78,324,89,0
0,61,40.0,61,-61,264,35,0
0,19,814.0,19,-19,465,136,0
0,45,45.0,45,-45,27,9,0
0,16,13.0,16,-16,38,13,0
14,1,167.0,15,13,104,25,0
21,19,279.0,40,2,45,14,0
5,7,475.0,12,-2,74,33,0
5,4,651.0,9,1,169,60,0
14,1,167.0,15,13,105,25,0
5,7,475.0,12,-2,75,33,0
21,19,279.0,40,2,46,14,0
5,4,651.0,9,1,170,60,0
1,1,89.0,2,0,265,35,0
0,1,578.0,1,-1,466,136,0
20,1,54.0,21,19,266,35,0
1,0,579.0,1,1,467,136,0
7,0,235.0,7,7,104,42,0
10,0,590.0,10,10,468,136,0
38,0,58.0,38,38,137,43,0
0,4,320.0,4,-4,469,136,0
4,8,294.0,12,-4,48,18,0
1,3,69.0,4,-2,5,2,0
2,3,190.0,5,-1,325,89,0
5,2,320.0,7,3,470,136,0
2,1,154.0,3,1,77,30,0
0,1,60.0,1,-1,57,27,0
3,6,143.0,9,-3,28,11,0
0,1,2.0,1,-1,267,35,0
2,4,22.0,6,-2,2,2,0
5,4,735.0,9,1,52,17,0
2,2,139.0,4,0,25,8,0
4,7,276.0,11,-3,47,14,0
2,2,178.0,4,0,19,8,0
2,2,71.0,4,0,7,5,0
2,2,84.0,4,0,5,2,0
13,11,1382.0,24,2,122,48,0
1,1,77.0,2,0,6,3,0
6,3,582.0,9,3,471,136,0
1,1,13.0,2,0,58,27,0
2,2,84.0,4,0,6,2,0
1,1,77.0,2,0,7,3,0
3,2,27.0,5,1,268,35,0
6,3,582.0,9,3,472,136,0
1,3,69.0,4,-2,6,2,0
5,2,320.0,7,3,473,136,0
2,1,154.0,3,1,78,30,0
0,1,60.0,1,-1,59,27,0
3,6,143.0,9,-3,29,11,0
2,3,190.0,5,-1,326,89,0
13,11,1382.0,24,2,123,48,0
2,2,71.0,4,0,8,5,0
0,1,2.0,1,-1,269,35,0
2,4,22.0,6,-2,3,2,0
2,2,178.0,4,0,20,8,0
1,1,13.0,2,0,60,27,0
4,7,276.0,11,-3,48,14,0
2,2,139.0,4,0,26,8,0
5,4,735.0,9,1,53,17,0
3,2,27.0,5,1,270,35,0
1,1,190.0,2,0,327,89,1
3,1,653.0,4,2,171,60,1
1,1,190.0,2,0,328,89,1
5,4,65.0,9,1,97,34,0
6,4,61.0,10,2,61,27,0
4,2,65.0,6,2,22,12,0
8,5,170.0,13,3,106,25,0
8,10,137.0,18,-2,73,21,0
14,11,154.0,25,3,79,30,0
36,34,293.0,70,2,49,18,0
20,14,345.0,34,6,138,43,0
16,15,321.0,31,1,474,136,0
5,5,154.0,10,0,17,4,0
3,2,69.0,5,1,7,2,0
1,1,28.0,2,0,271,35,0
10,11,190.0,21,-1,329,89,0
26,8,129.0,34,18,35,10,0
19,10,199.0,29,9,103,29,0
35,10,144.0,45,25,85,26,0
88,49,685.0,137,39,172,60,0
1,1,29.0,2,0,139,43,0
4,1,34.0,5,3,26,10,0
26,19,588.0,45,7,475,136,0
1,1,190.0,2,0,330,89,1
13,1,154.0,14,12,18,4,0
1,1,199.0,2,0,104,29,0
1,1,190.0,2,0,331,89,0
2,1,294.0,3,1,50,18,1
3,1,686.0,4,2,173,60,1
5,0,478.0,5,5,76,33,1
4,8,18.0,12,-4,4,2,1
1,0,154.0,1,1,19,4,1
2,4,142.0,6,-2,86,26,1
2,4,684.0,6,-2,174,60,1
9,8,77.0,17,1,75,15,1
1,1,263.0,2,0,8,3,1
9,1,156.0,10,8,80,30,0
1,1,156.0,2,0,81,30,1
1,1,65.0,2,0,98,34,1
2,2,156.0,4,0,82,30,1
1,1,190.0,2,0,332,89,1
1,1,320.0,2,0,476,136,0
1,0,591.0,1,1,477,136,0
1,1,320.0,2,0,478,136,0
11,0,161.0,11,11,83,30,0
3,0,1370.0,3,3,124,48,0
1,0,606.0,1,1,479,136,0
21,22,63.0,43,-1,140,43,0
36,20,601.0,56,16,480,136,0
21,10,241.0,31,11,105,42,0
5,3,603.0,8,2,481,136,1
1,1,63.0,2,0,141,43,1
5,5,685.0,10,0,175,60,1
1,1,198.0,2,0,333,89,1
1,1,320.0,2,0,482,136,1
1,2,169.0,3,-1,107,25,1
2,2,61.0,4,0,62,27,1
2,2,65.0,4,0,99,34,1
1,1,69.0,2,0,8,2,1
13,1,198.0,14,12,334,89,1
1,1,69.0,2,0,9,2,0
1,1,198.0,2,0,335,89,1
1,1,603.0,2,0,483,136,0
1,4,141.0,5,-3,87,26,0
2,11,288.0,13,-9,51,18,0
2,2,198.0,4,0,336,89,0
11,11,65.0,22,0,23,12,0
2,0,605.0,2,2,484,136,0
89,6,92.0,95,83,100,34,0
0,21,1367.0,21,-21,125,48,0
54,0,38.0,54,54,0,1,0
1,1,22.0,2,0,4,2,1
4,0,28.0,4,4,4,2,0
1,1,590.0,2,0,485,136,1
2,1,198.0,3,1,337,89,0
20,4,487.0,24,16,77,33,0
67,43,693.0,110,24,176,60,0
11,5,164.0,16,6,84,30,0
22,0,1385.0,22,22,126,48,0
1,0,607.0,1,1,486,136,0
25,17,607.0,42,8,487,136,1
43,0,1420.0,43,43,127,48,1
14,22,730.0,36,-8,54,17,1
7,0,612.0,7,7,488,136,0
16,0,50.0,16,16,1,1,0
7,5,168.0,12,2,85,30,0
3,0,68.0,3,3,24,12,0
3,0,79.0,3,3,76,15,0
2,1,170.0,3,1,108,25,1
0,21,39.0,21,-21,272,35,0
1,1,54.0,2,0,273,35,0
3,1,695.0,4,2,177,60,0
11,4,1427.0,15,7,128,48,1
2,1,169.0,3,1,86,30,1
3,3,612.0,6,0,489,136,0
3,3,170.0,6,0,109,25,0
14,13,55.0,27,1,274,35,0
3,3,80.0,6,0,19,6,0
0,32,82.0,32,-32,35,8,0
1,0,80.0,1,1,77,15,0
1,1,612.0,2,0,490,136,0
1,1,612.0,2,0,491,136,0
1,9,691.0,10,-8,178,60,0
1,1,69.0,2,0,10,2,0
1,1,320.0,2,0,492,136,0
27,33,63.0,60,-6,25,12,0
1,1,487.0,2,0,78,33,0
81,0,381.0,81,81,34,14,0
81,0,790.0,81,81,55,17,0
35,6,357.0,41,29,142,43,0
68,16,332.0,84,52,493,136,0
1,1,170.0,2,0,110,25,0
1,1,169.0,2,0,87,30,0
2,2,199.0,4,0,105,29,0
1,1,288.0,2,0,52,18,0
1,1,198.0,2,0,338,89,0
1,1,320.0,2,0,494,136,0
2,2,80.0,4,0,78,15,0
1,1,80.0,2,0,79,15,0
1,1,198.0,2,0,339,89,0
10,21,268.0,31,-11,49,14,0
2,2,170.0,4,0,111,25,0
39,32,199.0,71,7,340,89,0
23,0,255.0,23,23,106,42,0
1,1,320.0,2,0,495,136,0
1,1,137.0,2,0,74,21,0
103,72,372.0,175,31,143,43,0
83,87,347.0,170,-4,496,136,0
1,1,320.0,2,0,497,136,0
14,20,131.0,34,-6,75,21,0
3,3,233.0,6,0,31,14,0
6,5,142.0,11,1,30,11,0
9,8,82.0,17,1,36,8,0
4,4,170.0,8,0,112,25,0
2,2,268.0,4,0,50,14,0
2,2,288.0,4,0,53,18,0
2,2,17.0,4,0,3,2,0
1,1,28.0,2,0,275,35,0
70,106,597.0,176,-36,498,136,0
1,1,691.0,2,0,179,60,0
267,200,196.0,467,67,106,29,0
5,11,347.0,16,-6,499,136,0
44,18,58.0,62,26,28,9,0
22,28,198.0,50,-6,341,89,0
4,3,129.0,7,1,36,10,0
129,38,662.0,167,91,500,136,1
25,27,130.0,52,-2,76,21,1
5,4,233.0,9,1,32,14,1
1,1,15.0,2,0,15,4,1
2,2,196.0,4,0,107,29,1
1,1,169.0,2,0,88,30,0
1,4,24.0,5,-3,276,35,1
4,1,198.0,5,3,342,89,0
4,1,347.0,5,3,501,136,0
1,1,169.0,2,0,89,30,0
2,2,612.0,4,0,502,136,0
16,1,675.0,17,15,503,136,1
9,8,346.0,17,1,504,136,1
27,22,1430.0,49,5,129,48,0
8,8,347.0,16,0,505,136,1
37,38,1423.0,75,-1,130,48,1
7,16,782.0,23,-9,56,17,1
8,2,492.0,10,6,79,33,1
33,21,182.0,54,12,21,8,1
2,7,487.0,9,-5,80,33,0
2,2,612.0,4,0,506,136,0
16,6,204.0,22,10,108,29,0
10,24,158.0,34,-14,90,30,0
4,3,136.0,7,1,77,21,0
39,18,1444.0,57,21,131,48,0
21,9,202.0,30,12,109,29,0
2,2,675.0,4,0,507,136,1
26,24,1434.0,50,2,132,48,1
10,10,779.0,20,0,57,17,1
55,0,186.0,55,55,31,11,1
29,35,248.0,64,-6,107,42,1
16,5,207.0,21,11,110,29,1
23,4,684.0,27,19,508,136,1
32,0,219.0,32,32,343,89,1
0,1,267.0,1,-1,51,14,1
